image_id,labels,Useage
test_001c37e2,U+003F 1 1 U+FF2F 2 2,Private
test_003aa33a,U+003F 1 1 U+FF2F 2 2,Public
test_00665e33,U+003F 1 1 U+FF2F 2 2,Private
test_0082d2cd,U+003F 1 1 U+FF2F 2 2,Private
test_0086f578,U+003F 1 1 U+FF2F 2 2,Private
test_008bc9f0,U+003F 1 1 U+FF2F 2 2,Private
test_00912860,U+003F 1 1 U+FF2F 2 2,Public
test_00acc35e,U+003F 1 1 U+FF2F 2 2,Public
test_00ce55e8,U+003F 1 1 U+FF2F 2 2,Private
test_0114f183,U+003F 1 1 U+FF2F 2 2,Private
test_0118e20e,U+003F 1 1 U+FF2F 2 2,Private
test_012f99f8,U+003F 1 1 U+FF2F 2 2,Private
test_013bbe28,U+003F 1 1 U+FF2F 2 2,Private
test_0171a0b3,U+003F 1 1 U+FF2F 2 2,Private
test_01c58eb3,U+003F 1 1 U+FF2F 2 2,Private
test_01e6ccb3,U+003F 1 1 U+FF2F 2 2,Public
test_01e7ef70,U+003F 1 1 U+FF2F 2 2,Private
test_021661ed,U+003F 1 1 U+FF2F 2 2,Private
test_021b6d8c,U+003F 1 1 U+FF2F 2 2,Private
test_024b6d65,U+003F 1 1 U+FF2F 2 2,Private
test_025169d1,U+003F 1 1 U+FF2F 2 2,Private
test_02754392,U+003F 1 1 U+FF2F 2 2,Private
test_0283f092,U+003F 1 1 U+FF2F 2 2,Private
test_02aa861c,U+003F 1 1 U+FF2F 2 2,Public
test_0312c127,U+003F 1 1 U+FF2F 2 2,Private
test_0340894b,U+003F 1 1 U+FF2F 2 2,Private
test_035c2f20,U+003F 1 1 U+FF2F 2 2,Private
test_035d47de,U+003F 1 1 U+FF2F 2 2,Public
test_0384d75e,U+003F 1 1 U+FF2F 2 2,Private
test_04a54b9c,U+003F 1 1 U+FF2F 2 2,Private
test_04b7d9c1,U+003F 1 1 U+FF2F 2 2,Private
test_04d6adec,U+003F 1 1 U+FF2F 2 2,Private
test_04f10701,U+003F 1 1 U+FF2F 2 2,Public
test_05080176,U+003F 1 1 U+FF2F 2 2,Private
test_050ffdaa,U+003F 1 1 U+FF2F 2 2,Private
test_051829d5,U+003F 1 1 U+FF2F 2 2,Public
test_0595d508,U+003F 1 1 U+FF2F 2 2,Private
test_05b7a4d5,U+003F 1 1 U+FF2F 2 2,Public
test_05bb83e0,U+003F 1 1 U+FF2F 2 2,Private
test_05df21b2,U+003F 1 1 U+FF2F 2 2,Private
test_05f41365,U+003F 1 1 U+FF2F 2 2,Private
test_064e5d40,U+003F 1 1 U+FF2F 2 2,Private
test_066862c4,U+003F 1 1 U+FF2F 2 2,Private
test_067cb6be,U+003F 1 1 U+FF2F 2 2,Private
test_06ae57aa,U+003F 1 1 U+FF2F 2 2,Private
test_06bafe2d,U+003F 1 1 U+FF2F 2 2,Private
test_071bf9b6,U+003F 1 1 U+FF2F 2 2,Public
test_07b194c0,U+003F 1 1 U+FF2F 2 2,Private
test_07cc2792,U+003F 1 1 U+FF2F 2 2,Public
test_07e66961,U+003F 1 1 U+FF2F 2 2,Private
test_07fb1243,U+003F 1 1 U+FF2F 2 2,Private
test_08456521,U+003F 1 1 U+FF2F 2 2,Private
test_0853f004,U+003F 1 1 U+FF2F 2 2,Private
test_0860d636,U+003F 1 1 U+FF2F 2 2,Private
test_0878f1d5,U+003F 1 1 U+FF2F 2 2,Private
test_089f8cd2,U+003F 1 1 U+FF2F 2 2,Public
test_08ae5fe2,U+003F 1 1 U+FF2F 2 2,Private
test_08bc7d57,U+003F 1 1 U+FF2F 2 2,Public
test_08e0ba73,U+003F 1 1 U+FF2F 2 2,Private
test_08e0c547,U+003F 1 1 U+FF2F 2 2,Private
test_095f6cb8,U+003F 1 1 U+FF2F 2 2,Private
test_0989293a,U+003F 1 1 U+FF2F 2 2,Private
test_099e4e87,U+003F 1 1 U+FF2F 2 2,Private
test_09f22cd6,U+003F 1 1 U+FF2F 2 2,Private
test_0a9b81ce,U+003F 1 1 U+FF2F 2 2,Public
test_0a9bab86,U+003F 1 1 U+FF2F 2 2,Private
test_0adbe8a5,U+003F 1 1 U+FF2F 2 2,Private
test_0af4a4aa,U+003F 1 1 U+FF2F 2 2,Private
test_0b12657b,U+003F 1 1 U+FF2F 2 2,Private
test_0b31d0a1,U+003F 1 1 U+FF2F 2 2,Private
test_0b56fa5c,U+003F 1 1 U+FF2F 2 2,Public
test_0b70e4c8,U+003F 1 1 U+FF2F 2 2,Private
test_0b73119e,U+003F 1 1 U+FF2F 2 2,Public
test_0b7ecb9d,U+003F 1 1 U+FF2F 2 2,Private
test_0b951de6,U+003F 1 1 U+FF2F 2 2,Public
test_0b9853f8,U+003F 1 1 U+FF2F 2 2,Private
test_0b9fbbbe,U+003F 1 1 U+FF2F 2 2,Public
test_0ba5ed07,U+003F 1 1 U+FF2F 2 2,Private
test_0c3009b0,U+003F 1 1 U+FF2F 2 2,Public
test_0c4ca464,U+003F 1 1 U+FF2F 2 2,Private
test_0c6606f1,U+003F 1 1 U+FF2F 2 2,Private
test_0ce6bfb2,U+003F 1 1 U+FF2F 2 2,Private
test_0d10acf5,U+003F 1 1 U+FF2F 2 2,Private
test_0d479288,U+003F 1 1 U+FF2F 2 2,Public
test_0d535ad9,U+003F 1 1 U+FF2F 2 2,Private
test_0d87c54b,U+003F 1 1 U+FF2F 2 2,Private
test_0d97b139,U+003F 1 1 U+FF2F 2 2,Private
test_0d984023,U+003F 1 1 U+FF2F 2 2,Private
test_0da420c8,U+003F 1 1 U+FF2F 2 2,Private
test_0dc251aa,U+003F 1 1 U+FF2F 2 2,Public
test_0dc6ea9a,U+003F 1 1 U+FF2F 2 2,Public
test_0de5f58f,U+003F 1 1 U+FF2F 2 2,Public
test_0deafb07,U+003F 1 1 U+FF2F 2 2,Private
test_0e2eba24,U+003F 1 1 U+FF2F 2 2,Public
test_0e61879b,U+003F 1 1 U+FF2F 2 2,Private
test_0e6fd2fc,U+003F 1 1 U+FF2F 2 2,Public
test_0eafa4e9,U+003F 1 1 U+FF2F 2 2,Private
test_0ec4064b,U+003F 1 1 U+FF2F 2 2,Public
test_0ed004e7,U+003F 1 1 U+FF2F 2 2,Private
test_0f1aa943,U+003F 1 1 U+FF2F 2 2,Private
test_0f4563d2,U+003F 1 1 U+FF2F 2 2,Private
test_0f6c404b,U+003F 1 1 U+FF2F 2 2,Public
test_0fcdb6ac,U+003F 1 1 U+FF2F 2 2,Public
test_0fde487b,U+003F 1 1 U+FF2F 2 2,Private
test_0ffaaf6e,U+003F 1 1 U+FF2F 2 2,Private
test_1001c2c8,U+003F 1 1 U+FF2F 2 2,Private
test_10177dc1,U+003F 1 1 U+FF2F 2 2,Private
test_10259699,U+003F 1 1 U+FF2F 2 2,Public
test_10306e96,U+003F 1 1 U+FF2F 2 2,Private
test_106b6879,U+003F 1 1 U+FF2F 2 2,Private
test_107007c8,U+003F 1 1 U+FF2F 2 2,Private
test_108a1d5b,U+003F 1 1 U+FF2F 2 2,Private
test_109f1cbe,U+003F 1 1 U+FF2F 2 2,Private
test_10b7a5d6,U+003F 1 1 U+FF2F 2 2,Private
test_10ba5a8d,U+003F 1 1 U+FF2F 2 2,Private
test_10cacac8,U+003F 1 1 U+FF2F 2 2,Public
test_10eb615a,U+003F 1 1 U+FF2F 2 2,Private
test_10fa77fc,U+003F 1 1 U+FF2F 2 2,Private
test_110e9d29,U+003F 1 1 U+FF2F 2 2,Private
test_1128b7e1,U+003F 1 1 U+FF2F 2 2,Public
test_11606483,U+003F 1 1 U+FF2F 2 2,Private
test_11884bf1,U+003F 1 1 U+FF2F 2 2,Private
test_1194f5ce,U+003F 1 1 U+FF2F 2 2,Private
test_11c44a1d,U+003F 1 1 U+FF2F 2 2,Public
test_120077d3,U+003F 1 1 U+FF2F 2 2,Private
test_120895b8,U+003F 1 1 U+FF2F 2 2,Private
test_1235159a,U+003F 1 1 U+FF2F 2 2,Private
test_124e797d,U+003F 1 1 U+FF2F 2 2,Private
test_127dca52,U+003F 1 1 U+FF2F 2 2,Public
test_12bb87b4,U+003F 1 1 U+FF2F 2 2,Private
test_12f14dde,U+003F 1 1 U+FF2F 2 2,Private
test_13013895,U+003F 1 1 U+FF2F 2 2,Public
test_133543d4,U+003F 1 1 U+FF2F 2 2,Private
test_13400953,U+003F 1 1 U+FF2F 2 2,Private
test_13408d82,U+003F 1 1 U+FF2F 2 2,Private
test_1346ce64,U+003F 1 1 U+FF2F 2 2,Private
test_137b683b,U+003F 1 1 U+FF2F 2 2,Public
test_13c9989b,U+003F 1 1 U+FF2F 2 2,Public
test_14064a2c,U+003F 1 1 U+FF2F 2 2,Private
test_142871ac,U+003F 1 1 U+FF2F 2 2,Public
test_143e08ca,U+003F 1 1 U+FF2F 2 2,Public
test_144014b3,U+003F 1 1 U+FF2F 2 2,Private
test_1448665a,U+003F 1 1 U+FF2F 2 2,Private
test_145c5f61,U+003F 1 1 U+FF2F 2 2,Private
test_146f5f60,U+003F 1 1 U+FF2F 2 2,Public
test_148234b9,U+003F 1 1 U+FF2F 2 2,Public
test_14d8e349,U+003F 1 1 U+FF2F 2 2,Private
test_15331000,U+003F 1 1 U+FF2F 2 2,Public
test_156b3dbf,U+003F 1 1 U+FF2F 2 2,Public
test_1597eab0,U+003F 1 1 U+FF2F 2 2,Public
test_159cfed7,U+003F 1 1 U+FF2F 2 2,Private
test_1632a888,U+003F 1 1 U+FF2F 2 2,Public
test_163ead96,U+003F 1 1 U+FF2F 2 2,Private
test_164e37f5,U+003F 1 1 U+FF2F 2 2,Private
test_16541878,U+003F 1 1 U+FF2F 2 2,Private
test_16848fcc,U+003F 1 1 U+FF2F 2 2,Private
test_16de1a2a,U+003F 1 1 U+FF2F 2 2,Public
test_16f31849,U+003F 1 1 U+FF2F 2 2,Private
test_16faec9c,U+003F 1 1 U+FF2F 2 2,Public
test_1746511f,U+003F 1 1 U+FF2F 2 2,Public
test_1759a7f4,U+003F 1 1 U+FF2F 2 2,Private
test_17749836,U+003F 1 1 U+FF2F 2 2,Private
test_17d8bf02,U+003F 1 1 U+FF2F 2 2,Private
test_181ef98d,U+003F 1 1 U+FF2F 2 2,Public
test_18833ace,U+003F 1 1 U+FF2F 2 2,Public
test_1894500d,U+003F 1 1 U+FF2F 2 2,Private
test_18b146a5,U+003F 1 1 U+FF2F 2 2,Public
test_18ccc713,U+003F 1 1 U+FF2F 2 2,Private
test_18fc404c,U+003F 1 1 U+FF2F 2 2,Private
test_193975cb,U+003F 1 1 U+FF2F 2 2,Public
test_193a389e,U+003F 1 1 U+FF2F 2 2,Private
test_1945b7bb,U+003F 1 1 U+FF2F 2 2,Private
test_195d2b2a,U+003F 1 1 U+FF2F 2 2,Private
test_197771db,U+003F 1 1 U+FF2F 2 2,Public
test_19e53358,U+003F 1 1 U+FF2F 2 2,Private
test_1a032421,U+003F 1 1 U+FF2F 2 2,Private
test_1a226245,U+003F 1 1 U+FF2F 2 2,Private
test_1a262802,U+003F 1 1 U+FF2F 2 2,Private
test_1a2f718c,U+003F 1 1 U+FF2F 2 2,Private
test_1a32c1f7,U+003F 1 1 U+FF2F 2 2,Public
test_1a6c2ca3,U+003F 1 1 U+FF2F 2 2,Private
test_1a73c719,U+003F 1 1 U+FF2F 2 2,Public
test_1a8b599e,U+003F 1 1 U+FF2F 2 2,Public
test_1ab37f3d,U+003F 1 1 U+FF2F 2 2,Private
test_1abdbbfe,U+003F 1 1 U+FF2F 2 2,Public
test_1ada762d,U+003F 1 1 U+FF2F 2 2,Private
test_1b2235cf,U+003F 1 1 U+FF2F 2 2,Private
test_1b612d1f,U+003F 1 1 U+FF2F 2 2,Private
test_1b7ff2bb,U+003F 1 1 U+FF2F 2 2,Public
test_1bd57ce0,U+003F 1 1 U+FF2F 2 2,Private
test_1c06a35b,U+003F 1 1 U+FF2F 2 2,Private
test_1c3fcfaf,U+003F 1 1 U+FF2F 2 2,Public
test_1c40a588,U+003F 1 1 U+FF2F 2 2,Private
test_1c416d33,U+003F 1 1 U+FF2F 2 2,Public
test_1cbbe812,U+003F 1 1 U+FF2F 2 2,Private
test_1cce9466,U+003F 1 1 U+FF2F 2 2,Public
test_1d02d3e0,U+003F 1 1 U+FF2F 2 2,Public
test_1d937b8e,U+003F 1 1 U+FF2F 2 2,Private
test_1d9aebbc,U+003F 1 1 U+FF2F 2 2,Private
test_1da7b540,U+003F 1 1 U+FF2F 2 2,Public
test_1db14dac,U+003F 1 1 U+FF2F 2 2,Private
test_1de3579d,U+003F 1 1 U+FF2F 2 2,Public
test_1dea0927,U+003F 1 1 U+FF2F 2 2,Private
test_1ded38c0,U+003F 1 1 U+FF2F 2 2,Public
test_1e2a67cc,U+003F 1 1 U+FF2F 2 2,Public
test_1e4be7b4,U+003F 1 1 U+FF2F 2 2,Public
test_1e552627,U+003F 1 1 U+FF2F 2 2,Public
test_1e629f14,U+003F 1 1 U+FF2F 2 2,Public
test_1ed95720,U+003F 1 1 U+FF2F 2 2,Private
test_1ee6bb36,U+003F 1 1 U+FF2F 2 2,Private
test_1f11b1fa,U+003F 1 1 U+FF2F 2 2,Private
test_1f862704,U+003F 1 1 U+FF2F 2 2,Private
test_1fa42b6c,U+003F 1 1 U+FF2F 2 2,Public
test_1fc3167d,U+003F 1 1 U+FF2F 2 2,Private
test_1fdd28a2,U+003F 1 1 U+FF2F 2 2,Public
test_20031ff7,U+003F 1 1 U+FF2F 2 2,Public
test_200b386c,U+003F 1 1 U+FF2F 2 2,Private
test_201f9994,U+003F 1 1 U+FF2F 2 2,Public
test_2035927e,U+003F 1 1 U+FF2F 2 2,Private
test_2096b7b4,U+003F 1 1 U+FF2F 2 2,Private
test_20cac518,U+003F 1 1 U+FF2F 2 2,Public
test_213b4f83,U+003F 1 1 U+FF2F 2 2,Private
test_21504780,U+003F 1 1 U+FF2F 2 2,Private
test_215e2287,U+003F 1 1 U+FF2F 2 2,Private
test_2179c65b,U+003F 1 1 U+FF2F 2 2,Public
test_219179a4,U+003F 1 1 U+FF2F 2 2,Public
test_21cdd6dc,U+003F 1 1 U+FF2F 2 2,Private
test_21d86c1f,U+003F 1 1 U+FF2F 2 2,Private
test_22020de5,U+003F 1 1 U+FF2F 2 2,Private
test_2258283d,U+003F 1 1 U+FF2F 2 2,Public
test_228bff59,U+003F 1 1 U+FF2F 2 2,Private
test_22f9d0e8,U+003F 1 1 U+FF2F 2 2,Private
test_231c7e10,U+003F 1 1 U+FF2F 2 2,Public
test_234a6f2c,U+003F 1 1 U+FF2F 2 2,Private
test_235adc0d,U+003F 1 1 U+FF2F 2 2,Public
test_2366c3c9,U+003F 1 1 U+FF2F 2 2,Private
test_23a8a25b,U+003F 1 1 U+FF2F 2 2,Public
test_23a8a592,U+003F 1 1 U+FF2F 2 2,Private
test_23fc4b90,U+003F 1 1 U+FF2F 2 2,Private
test_24197f9e,U+003F 1 1 U+FF2F 2 2,Public
test_247f7fcf,U+003F 1 1 U+FF2F 2 2,Private
test_249dcae5,U+003F 1 1 U+FF2F 2 2,Private
test_24aca18b,U+003F 1 1 U+FF2F 2 2,Public
test_24ace5cc,U+003F 1 1 U+FF2F 2 2,Private
test_24e13b88,U+003F 1 1 U+FF2F 2 2,Public
test_24e3b3de,U+003F 1 1 U+FF2F 2 2,Public
test_25106dc3,U+003F 1 1 U+FF2F 2 2,Private
test_251631d7,U+003F 1 1 U+FF2F 2 2,Private
test_25256665,U+003F 1 1 U+FF2F 2 2,Public
test_2551cd72,U+003F 1 1 U+FF2F 2 2,Private
test_25645d7d,U+003F 1 1 U+FF2F 2 2,Private
test_25683c25,U+003F 1 1 U+FF2F 2 2,Private
test_2580e7d3,U+003F 1 1 U+FF2F 2 2,Private
test_25c279d0,U+003F 1 1 U+FF2F 2 2,Private
test_25c88471,U+003F 1 1 U+FF2F 2 2,Public
test_25cb63be,U+003F 1 1 U+FF2F 2 2,Private
test_25ee6af6,U+003F 1 1 U+FF2F 2 2,Private
test_25f97cbf,U+003F 1 1 U+FF2F 2 2,Private
test_26164e1d,U+003F 1 1 U+FF2F 2 2,Private
test_2655d16a,U+003F 1 1 U+FF2F 2 2,Private
test_2665e6ab,U+003F 1 1 U+FF2F 2 2,Private
test_26876036,U+003F 1 1 U+FF2F 2 2,Private
test_26b26d94,U+003F 1 1 U+FF2F 2 2,Private
test_26da8c54,U+003F 1 1 U+FF2F 2 2,Private
test_271d3fa7,U+003F 1 1 U+FF2F 2 2,Public
test_2762d80e,U+003F 1 1 U+FF2F 2 2,Private
test_2764f090,U+003F 1 1 U+FF2F 2 2,Public
test_277f7c3e,U+003F 1 1 U+FF2F 2 2,Private
test_27b5430e,U+003F 1 1 U+FF2F 2 2,Private
test_27dc67d6,U+003F 1 1 U+FF2F 2 2,Public
test_27e887ce,U+003F 1 1 U+FF2F 2 2,Private
test_27fc2be1,U+003F 1 1 U+FF2F 2 2,Private
test_282d08a2,U+003F 1 1 U+FF2F 2 2,Public
test_283a6e8e,U+003F 1 1 U+FF2F 2 2,Private
test_287d72f4,U+003F 1 1 U+FF2F 2 2,Private
test_288e2f7c,U+003F 1 1 U+FF2F 2 2,Private
test_28c70596,U+003F 1 1 U+FF2F 2 2,Public
test_28ed7b1e,U+003F 1 1 U+FF2F 2 2,Private
test_291c80ac,U+003F 1 1 U+FF2F 2 2,Private
test_292ec4de,U+003F 1 1 U+FF2F 2 2,Private
test_29a5081c,U+003F 1 1 U+FF2F 2 2,Private
test_29b09095,U+003F 1 1 U+FF2F 2 2,Private
test_29c44401,U+003F 1 1 U+FF2F 2 2,Private
test_2a2caccc,U+003F 1 1 U+FF2F 2 2,Public
test_2a6ae857,U+003F 1 1 U+FF2F 2 2,Private
test_2a8fe571,U+003F 1 1 U+FF2F 2 2,Public
test_2add0e81,U+003F 1 1 U+FF2F 2 2,Public
test_2af78bb1,U+003F 1 1 U+FF2F 2 2,Private
test_2b425ac2,U+003F 1 1 U+FF2F 2 2,Private
test_2b5235fa,U+003F 1 1 U+FF2F 2 2,Private
test_2b5921be,U+003F 1 1 U+FF2F 2 2,Private
test_2b7502ef,U+003F 1 1 U+FF2F 2 2,Private
test_2bd58b75,U+003F 1 1 U+FF2F 2 2,Private
test_2c0480ec,U+003F 1 1 U+FF2F 2 2,Private
test_2c06d6dc,U+003F 1 1 U+FF2F 2 2,Private
test_2c0e740d,U+003F 1 1 U+FF2F 2 2,Private
test_2c69999b,U+003F 1 1 U+FF2F 2 2,Public
test_2c8493ba,U+003F 1 1 U+FF2F 2 2,Private
test_2c85f54d,U+003F 1 1 U+FF2F 2 2,Private
test_2c895502,U+003F 1 1 U+FF2F 2 2,Private
test_2cc9e4c0,U+003F 1 1 U+FF2F 2 2,Private
test_2cdffcf3,U+003F 1 1 U+FF2F 2 2,Public
test_2ce8146b,U+003F 1 1 U+FF2F 2 2,Public
test_2d02eba0,U+003F 1 1 U+FF2F 2 2,Private
test_2d0c56bd,U+003F 1 1 U+FF2F 2 2,Public
test_2d12ab3c,U+003F 1 1 U+FF2F 2 2,Private
test_2d5168c7,U+003F 1 1 U+FF2F 2 2,Private
test_2d9610ca,U+003F 1 1 U+FF2F 2 2,Private
test_2d9788a0,U+003F 1 1 U+FF2F 2 2,Private
test_2daae8d6,U+003F 1 1 U+FF2F 2 2,Private
test_2dd96052,U+003F 1 1 U+FF2F 2 2,Public
test_2dde2164,U+003F 1 1 U+FF2F 2 2,Private
test_2e678a5c,U+003F 1 1 U+FF2F 2 2,Public
test_2e72873b,U+003F 1 1 U+FF2F 2 2,Private
test_2ea1de0d,U+003F 1 1 U+FF2F 2 2,Private
test_2ecc622d,U+003F 1 1 U+FF2F 2 2,Public
test_2eeab73c,U+003F 1 1 U+FF2F 2 2,Private
test_2eff1ee9,U+003F 1 1 U+FF2F 2 2,Public
test_2f0446f3,U+003F 1 1 U+FF2F 2 2,Public
test_2f04fec2,U+003F 1 1 U+FF2F 2 2,Private
test_2f357d76,U+003F 1 1 U+FF2F 2 2,Private
test_2f3da561,U+003F 1 1 U+FF2F 2 2,Private
test_2f720292,U+003F 1 1 U+FF2F 2 2,Private
test_2f81ce37,U+003F 1 1 U+FF2F 2 2,Private
test_2f84e0eb,U+003F 1 1 U+FF2F 2 2,Public
test_2ffcf979,U+003F 1 1 U+FF2F 2 2,Private
test_304477da,U+003F 1 1 U+FF2F 2 2,Private
test_3052b742,U+003F 1 1 U+FF2F 2 2,Private
test_307d38d7,U+003F 1 1 U+FF2F 2 2,Public
test_3084994f,U+003F 1 1 U+FF2F 2 2,Public
test_309cedd5,U+003F 1 1 U+FF2F 2 2,Public
test_30acb487,U+003F 1 1 U+FF2F 2 2,Private
test_30afafff,U+003F 1 1 U+FF2F 2 2,Private
test_30b013a5,U+003F 1 1 U+FF2F 2 2,Private
test_30d35a93,U+003F 1 1 U+FF2F 2 2,Private
test_30d57c00,U+003F 1 1 U+FF2F 2 2,Private
test_31135dfe,U+003F 1 1 U+FF2F 2 2,Private
test_311e94dd,U+003F 1 1 U+FF2F 2 2,Private
test_3123adbc,U+003F 1 1 U+FF2F 2 2,Private
test_3143c19e,U+003F 1 1 U+FF2F 2 2,Private
test_314e56dd,U+003F 1 1 U+FF2F 2 2,Public
test_3154f091,U+003F 1 1 U+FF2F 2 2,Public
test_31a2a3a2,U+003F 1 1 U+FF2F 2 2,Private
test_31af4df5,U+003F 1 1 U+FF2F 2 2,Private
test_3207978b,U+003F 1 1 U+FF2F 2 2,Private
test_320b8341,U+003F 1 1 U+FF2F 2 2,Private
test_321a46bd,U+003F 1 1 U+FF2F 2 2,Private
test_3298cf82,U+003F 1 1 U+FF2F 2 2,Private
test_32a808c8,U+003F 1 1 U+FF2F 2 2,Public
test_32dbf103,U+003F 1 1 U+FF2F 2 2,Private
test_32f3c69e,U+003F 1 1 U+FF2F 2 2,Public
test_330e377f,U+003F 1 1 U+FF2F 2 2,Private
test_3365918e,U+003F 1 1 U+FF2F 2 2,Public
test_337de54c,U+003F 1 1 U+FF2F 2 2,Public
test_3387e39d,U+003F 1 1 U+FF2F 2 2,Private
test_338e5de7,U+003F 1 1 U+FF2F 2 2,Public
test_3397c6e6,U+003F 1 1 U+FF2F 2 2,Public
test_33a2613c,U+003F 1 1 U+FF2F 2 2,Public
test_33fc7b2a,U+003F 1 1 U+FF2F 2 2,Private
test_34126276,U+003F 1 1 U+FF2F 2 2,Private
test_346aa51c,U+003F 1 1 U+FF2F 2 2,Private
test_34a47799,U+003F 1 1 U+FF2F 2 2,Public
test_34bc725b,U+003F 1 1 U+FF2F 2 2,Private
test_34bf36f3,U+003F 1 1 U+FF2F 2 2,Public
test_34d19113,U+003F 1 1 U+FF2F 2 2,Private
test_35084307,U+003F 1 1 U+FF2F 2 2,Private
test_352e05e6,U+003F 1 1 U+FF2F 2 2,Public
test_36001393,U+003F 1 1 U+FF2F 2 2,Public
test_360ed630,U+003F 1 1 U+FF2F 2 2,Private
test_36306453,U+003F 1 1 U+FF2F 2 2,Private
test_363fa733,U+003F 1 1 U+FF2F 2 2,Private
test_36421237,U+003F 1 1 U+FF2F 2 2,Private
test_368d4677,U+003F 1 1 U+FF2F 2 2,Private
test_36b07c88,U+003F 1 1 U+FF2F 2 2,Private
test_36f98cff,U+003F 1 1 U+FF2F 2 2,Public
test_3725c076,U+003F 1 1 U+FF2F 2 2,Private
test_372c9a96,U+003F 1 1 U+FF2F 2 2,Public
test_377679b6,U+003F 1 1 U+FF2F 2 2,Public
test_37805e15,U+003F 1 1 U+FF2F 2 2,Private
test_378a1973,U+003F 1 1 U+FF2F 2 2,Public
test_3799e387,U+003F 1 1 U+FF2F 2 2,Private
test_37a3ff6d,U+003F 1 1 U+FF2F 2 2,Private
test_37bbcdfe,U+003F 1 1 U+FF2F 2 2,Private
test_37c9ab78,U+003F 1 1 U+FF2F 2 2,Private
test_37cc5505,U+003F 1 1 U+FF2F 2 2,Private
test_38088d4d,U+003F 1 1 U+FF2F 2 2,Private
test_380a2169,U+003F 1 1 U+FF2F 2 2,Private
test_3814e435,U+003F 1 1 U+FF2F 2 2,Private
test_3815ad9c,U+003F 1 1 U+FF2F 2 2,Private
test_3817aad9,U+003F 1 1 U+FF2F 2 2,Private
test_382e0883,U+003F 1 1 U+FF2F 2 2,Private
test_385af62b,U+003F 1 1 U+FF2F 2 2,Private
test_38d0afc2,U+003F 1 1 U+FF2F 2 2,Public
test_38f34160,U+003F 1 1 U+FF2F 2 2,Private
test_3910e040,U+003F 1 1 U+FF2F 2 2,Private
test_396121fc,U+003F 1 1 U+FF2F 2 2,Private
test_399ae750,U+003F 1 1 U+FF2F 2 2,Private
test_39dfef07,U+003F 1 1 U+FF2F 2 2,Public
test_39fdc916,U+003F 1 1 U+FF2F 2 2,Private
test_3a05275c,U+003F 1 1 U+FF2F 2 2,Private
test_3a4230a0,U+003F 1 1 U+FF2F 2 2,Public
test_3a44f66c,U+003F 1 1 U+FF2F 2 2,Public
test_3a49bd0a,U+003F 1 1 U+FF2F 2 2,Public
test_3a8ddba0,U+003F 1 1 U+FF2F 2 2,Private
test_3a920e84,U+003F 1 1 U+FF2F 2 2,Private
test_3b165e69,U+003F 1 1 U+FF2F 2 2,Public
test_3b4d4e98,U+003F 1 1 U+FF2F 2 2,Private
test_3b73a250,U+003F 1 1 U+FF2F 2 2,Private
test_3b977248,U+003F 1 1 U+FF2F 2 2,Private
test_3be7593f,U+003F 1 1 U+FF2F 2 2,Private
test_3c313d2a,U+003F 1 1 U+FF2F 2 2,Public
test_3c9f998c,U+003F 1 1 U+FF2F 2 2,Public
test_3d2ab331,U+003F 1 1 U+FF2F 2 2,Private
test_3d346244,U+003F 1 1 U+FF2F 2 2,Private
test_3d5405f9,U+003F 1 1 U+FF2F 2 2,Private
test_3d559613,U+003F 1 1 U+FF2F 2 2,Private
test_3d6f0a0a,U+003F 1 1 U+FF2F 2 2,Public
test_3d9a3da5,U+003F 1 1 U+FF2F 2 2,Private
test_3e058715,U+003F 1 1 U+FF2F 2 2,Private
test_3e3a7bb0,U+003F 1 1 U+FF2F 2 2,Private
test_3e8ff134,U+003F 1 1 U+FF2F 2 2,Public
test_3e98f327,U+003F 1 1 U+FF2F 2 2,Public
test_3ef37cf3,U+003F 1 1 U+FF2F 2 2,Public
test_3f15f064,U+003F 1 1 U+FF2F 2 2,Private
test_3f2bc7ff,U+003F 1 1 U+FF2F 2 2,Private
test_3f406ac8,U+003F 1 1 U+FF2F 2 2,Private
test_3ffdc19f,U+003F 1 1 U+FF2F 2 2,Private
test_4004dbe9,U+003F 1 1 U+FF2F 2 2,Public
test_40205f65,U+003F 1 1 U+FF2F 2 2,Private
test_40456100,U+003F 1 1 U+FF2F 2 2,Private
test_4058107b,U+003F 1 1 U+FF2F 2 2,Private
test_40bca5e0,U+003F 1 1 U+FF2F 2 2,Private
test_40dbd002,U+003F 1 1 U+FF2F 2 2,Private
test_40e2407f,U+003F 1 1 U+FF2F 2 2,Public
test_40eeef4d,U+003F 1 1 U+FF2F 2 2,Public
test_41208e08,U+003F 1 1 U+FF2F 2 2,Private
test_416fc285,U+003F 1 1 U+FF2F 2 2,Public
test_41da977a,U+003F 1 1 U+FF2F 2 2,Private
test_42366fbe,U+003F 1 1 U+FF2F 2 2,Public
test_4238145e,U+003F 1 1 U+FF2F 2 2,Private
test_424c8aac,U+003F 1 1 U+FF2F 2 2,Private
test_426afb12,U+003F 1 1 U+FF2F 2 2,Public
test_4282434c,U+003F 1 1 U+FF2F 2 2,Private
test_42c4852f,U+003F 1 1 U+FF2F 2 2,Private
test_42d554e9,U+003F 1 1 U+FF2F 2 2,Public
test_42dcafd8,U+003F 1 1 U+FF2F 2 2,Public
test_4315c8e3,U+003F 1 1 U+FF2F 2 2,Private
test_434cac90,U+003F 1 1 U+FF2F 2 2,Private
test_434f56c0,U+003F 1 1 U+FF2F 2 2,Private
test_43957beb,U+003F 1 1 U+FF2F 2 2,Public
test_43c28148,U+003F 1 1 U+FF2F 2 2,Public
test_43cce20e,U+003F 1 1 U+FF2F 2 2,Private
test_43d1a252,U+003F 1 1 U+FF2F 2 2,Public
test_4417a3d2,U+003F 1 1 U+FF2F 2 2,Private
test_441f391f,U+003F 1 1 U+FF2F 2 2,Private
test_44203f0f,U+003F 1 1 U+FF2F 2 2,Private
test_443c431e,U+003F 1 1 U+FF2F 2 2,Private
test_44486765,U+003F 1 1 U+FF2F 2 2,Private
test_444af1dd,U+003F 1 1 U+FF2F 2 2,Public
test_44530a33,U+003F 1 1 U+FF2F 2 2,Private
test_44703256,U+003F 1 1 U+FF2F 2 2,Public
test_448f630a,U+003F 1 1 U+FF2F 2 2,Public
test_44950efd,U+003F 1 1 U+FF2F 2 2,Private
test_44e906f3,U+003F 1 1 U+FF2F 2 2,Public
test_451aff7c,U+003F 1 1 U+FF2F 2 2,Public
test_45274c57,U+003F 1 1 U+FF2F 2 2,Private
test_45681ff3,U+003F 1 1 U+FF2F 2 2,Private
test_45705afd,U+003F 1 1 U+FF2F 2 2,Public
test_45881cbf,U+003F 1 1 U+FF2F 2 2,Private
test_45b4a3b6,U+003F 1 1 U+FF2F 2 2,Private
test_45b62197,U+003F 1 1 U+FF2F 2 2,Private
test_45d76abb,U+003F 1 1 U+FF2F 2 2,Private
test_460f3567,U+003F 1 1 U+FF2F 2 2,Public
test_46249cf1,U+003F 1 1 U+FF2F 2 2,Public
test_462e8e45,U+003F 1 1 U+FF2F 2 2,Private
test_4660df57,U+003F 1 1 U+FF2F 2 2,Public
test_46b72b2f,U+003F 1 1 U+FF2F 2 2,Public
test_46f57dfb,U+003F 1 1 U+FF2F 2 2,Private
test_47069a0b,U+003F 1 1 U+FF2F 2 2,Public
test_47548195,U+003F 1 1 U+FF2F 2 2,Public
test_4788a37e,U+003F 1 1 U+FF2F 2 2,Private
test_4788c810,U+003F 1 1 U+FF2F 2 2,Private
test_47ae3987,U+003F 1 1 U+FF2F 2 2,Public
test_47e5a475,U+003F 1 1 U+FF2F 2 2,Private
test_47e5df72,U+003F 1 1 U+FF2F 2 2,Public
test_48102173,U+003F 1 1 U+FF2F 2 2,Public
test_485baf00,U+003F 1 1 U+FF2F 2 2,Private
test_48a17f31,U+003F 1 1 U+FF2F 2 2,Public
test_48a831f5,U+003F 1 1 U+FF2F 2 2,Public
test_48bea058,U+003F 1 1 U+FF2F 2 2,Private
test_491ebfa1,U+003F 1 1 U+FF2F 2 2,Private
test_4927eb01,U+003F 1 1 U+FF2F 2 2,Public
test_49955bb8,U+003F 1 1 U+FF2F 2 2,Private
test_49996c72,U+003F 1 1 U+FF2F 2 2,Private
test_49a4e494,U+003F 1 1 U+FF2F 2 2,Public
test_49b2ab25,U+003F 1 1 U+FF2F 2 2,Public
test_49b9cdec,U+003F 1 1 U+FF2F 2 2,Private
test_49e00e9e,U+003F 1 1 U+FF2F 2 2,Public
test_49e700a3,U+003F 1 1 U+FF2F 2 2,Private
test_4a5101d9,U+003F 1 1 U+FF2F 2 2,Private
test_4a64f8e6,U+003F 1 1 U+FF2F 2 2,Private
test_4acb8787,U+003F 1 1 U+FF2F 2 2,Public
test_4b07d4d4,U+003F 1 1 U+FF2F 2 2,Private
test_4b0b882a,U+003F 1 1 U+FF2F 2 2,Private
test_4b9a1d51,U+003F 1 1 U+FF2F 2 2,Public
test_4bd0987a,U+003F 1 1 U+FF2F 2 2,Private
test_4be45a48,U+003F 1 1 U+FF2F 2 2,Public
test_4bf71ab2,U+003F 1 1 U+FF2F 2 2,Public
test_4c06e2c9,U+003F 1 1 U+FF2F 2 2,Private
test_4c07a5a6,U+003F 1 1 U+FF2F 2 2,Private
test_4c18e53b,U+003F 1 1 U+FF2F 2 2,Private
test_4c39d08e,U+003F 1 1 U+FF2F 2 2,Public
test_4c545cc7,U+003F 1 1 U+FF2F 2 2,Public
test_4c721690,U+003F 1 1 U+FF2F 2 2,Private
test_4ca4939a,U+003F 1 1 U+FF2F 2 2,Public
test_4cb8c701,U+003F 1 1 U+FF2F 2 2,Public
test_4cbc8132,U+003F 1 1 U+FF2F 2 2,Private
test_4ce020ad,U+003F 1 1 U+FF2F 2 2,Public
test_4cff74e0,U+003F 1 1 U+FF2F 2 2,Private
test_4d63a30a,U+003F 1 1 U+FF2F 2 2,Public
test_4d970525,U+003F 1 1 U+FF2F 2 2,Private
test_4e24a536,U+003F 1 1 U+FF2F 2 2,Private
test_4e5458ac,U+003F 1 1 U+FF2F 2 2,Private
test_4ec2e357,U+003F 1 1 U+FF2F 2 2,Private
test_4ed66c67,U+003F 1 1 U+FF2F 2 2,Private
test_4ef08bec,U+003F 1 1 U+FF2F 2 2,Private
test_4f083595,U+003F 1 1 U+FF2F 2 2,Public
test_4f08852c,U+003F 1 1 U+FF2F 2 2,Public
test_4f5e3d1b,U+003F 1 1 U+FF2F 2 2,Private
test_4fbe840d,U+003F 1 1 U+FF2F 2 2,Private
test_4fc10183,U+003F 1 1 U+FF2F 2 2,Private
test_5013284e,U+003F 1 1 U+FF2F 2 2,Private
test_502a71ef,U+003F 1 1 U+FF2F 2 2,Private
test_5036f9b4,U+003F 1 1 U+FF2F 2 2,Private
test_5043db18,U+003F 1 1 U+FF2F 2 2,Private
test_50733c6b,U+003F 1 1 U+FF2F 2 2,Private
test_50a5cd19,U+003F 1 1 U+FF2F 2 2,Private
test_50a9f4e2,U+003F 1 1 U+FF2F 2 2,Private
test_50ca5aef,U+003F 1 1 U+FF2F 2 2,Public
test_50dc745c,U+003F 1 1 U+FF2F 2 2,Public
test_50ebae63,U+003F 1 1 U+FF2F 2 2,Private
test_511b6834,U+003F 1 1 U+FF2F 2 2,Private
test_512c1837,U+003F 1 1 U+FF2F 2 2,Public
test_5144b68e,U+003F 1 1 U+FF2F 2 2,Public
test_51bc721b,U+003F 1 1 U+FF2F 2 2,Private
test_51c0bf9e,U+003F 1 1 U+FF2F 2 2,Private
test_51c7bd60,U+003F 1 1 U+FF2F 2 2,Private
test_520ee8fb,U+003F 1 1 U+FF2F 2 2,Private
test_520fd700,U+003F 1 1 U+FF2F 2 2,Private
test_525c5977,U+003F 1 1 U+FF2F 2 2,Private
test_526ac670,U+003F 1 1 U+FF2F 2 2,Private
test_52763334,U+003F 1 1 U+FF2F 2 2,Public
test_52767584,U+003F 1 1 U+FF2F 2 2,Private
test_527ba036,U+003F 1 1 U+FF2F 2 2,Private
test_527ddb0d,U+003F 1 1 U+FF2F 2 2,Private
test_52b7a3bd,U+003F 1 1 U+FF2F 2 2,Private
test_52bd9ac3,U+003F 1 1 U+FF2F 2 2,Public
test_52ecf639,U+003F 1 1 U+FF2F 2 2,Private
test_530183b2,U+003F 1 1 U+FF2F 2 2,Private
test_530bf018,U+003F 1 1 U+FF2F 2 2,Private
test_5344e9c6,U+003F 1 1 U+FF2F 2 2,Private
test_5344f90a,U+003F 1 1 U+FF2F 2 2,Public
test_535852d9,U+003F 1 1 U+FF2F 2 2,Public
test_5371cfd9,U+003F 1 1 U+FF2F 2 2,Private
test_538e5b89,U+003F 1 1 U+FF2F 2 2,Private
test_53b16a06,U+003F 1 1 U+FF2F 2 2,Private
test_53b4afa7,U+003F 1 1 U+FF2F 2 2,Private
test_53d05b93,U+003F 1 1 U+FF2F 2 2,Private
test_53e49268,U+003F 1 1 U+FF2F 2 2,Private
test_53fc2f28,U+003F 1 1 U+FF2F 2 2,Public
test_5460c5fa,U+003F 1 1 U+FF2F 2 2,Public
test_54962736,U+003F 1 1 U+FF2F 2 2,Public
test_549f23d7,U+003F 1 1 U+FF2F 2 2,Public
test_54b6c8b9,U+003F 1 1 U+FF2F 2 2,Public
test_54dfc9cf,U+003F 1 1 U+FF2F 2 2,Private
test_550fd521,U+003F 1 1 U+FF2F 2 2,Public
test_551b9c8f,U+003F 1 1 U+FF2F 2 2,Private
test_552a8ee2,U+003F 1 1 U+FF2F 2 2,Public
test_5547763a,U+003F 1 1 U+FF2F 2 2,Private
test_557bbd4a,U+003F 1 1 U+FF2F 2 2,Private
test_559a4f53,U+003F 1 1 U+FF2F 2 2,Private
test_55a19572,U+003F 1 1 U+FF2F 2 2,Private
test_560fc196,U+003F 1 1 U+FF2F 2 2,Public
test_56264c08,U+003F 1 1 U+FF2F 2 2,Public
test_5628822f,U+003F 1 1 U+FF2F 2 2,Private
test_563516f6,U+003F 1 1 U+FF2F 2 2,Private
test_56559a12,U+003F 1 1 U+FF2F 2 2,Public
test_566be04f,U+003F 1 1 U+FF2F 2 2,Private
test_5672c526,U+003F 1 1 U+FF2F 2 2,Private
test_5682c227,U+003F 1 1 U+FF2F 2 2,Private
test_56f7d524,U+003F 1 1 U+FF2F 2 2,Private
test_570bae0a,U+003F 1 1 U+FF2F 2 2,Private
test_5711fbae,U+003F 1 1 U+FF2F 2 2,Private
test_5714f017,U+003F 1 1 U+FF2F 2 2,Public
test_5725a81d,U+003F 1 1 U+FF2F 2 2,Public
test_5744b82a,U+003F 1 1 U+FF2F 2 2,Private
test_5746ca40,U+003F 1 1 U+FF2F 2 2,Private
test_574a8ed9,U+003F 1 1 U+FF2F 2 2,Private
test_57c5e4db,U+003F 1 1 U+FF2F 2 2,Private
test_57d256cf,U+003F 1 1 U+FF2F 2 2,Public
test_57e4ffb2,U+003F 1 1 U+FF2F 2 2,Public
test_57fa5e0e,U+003F 1 1 U+FF2F 2 2,Private
test_58739e74,U+003F 1 1 U+FF2F 2 2,Private
test_589a95de,U+003F 1 1 U+FF2F 2 2,Private
test_589e8199,U+003F 1 1 U+FF2F 2 2,Public
test_58accdea,U+003F 1 1 U+FF2F 2 2,Public
test_58bdf946,U+003F 1 1 U+FF2F 2 2,Private
test_58dc067e,U+003F 1 1 U+FF2F 2 2,Private
test_58f3b837,U+003F 1 1 U+FF2F 2 2,Private
test_5926516e,U+003F 1 1 U+FF2F 2 2,Private
test_593830d7,U+003F 1 1 U+FF2F 2 2,Private
test_593fb44d,U+003F 1 1 U+FF2F 2 2,Private
test_594ef8c6,U+003F 1 1 U+FF2F 2 2,Public
test_597daddf,U+003F 1 1 U+FF2F 2 2,Public
test_598c3749,U+003F 1 1 U+FF2F 2 2,Private
test_59cea7e7,U+003F 1 1 U+FF2F 2 2,Private
test_59ece248,U+003F 1 1 U+FF2F 2 2,Private
test_5a199c6d,U+003F 1 1 U+FF2F 2 2,Public
test_5a1b1282,U+003F 1 1 U+FF2F 2 2,Private
test_5a27bed3,U+003F 1 1 U+FF2F 2 2,Private
test_5a92c70d,U+003F 1 1 U+FF2F 2 2,Private
test_5ae8d3ae,U+003F 1 1 U+FF2F 2 2,Public
test_5b25f875,U+003F 1 1 U+FF2F 2 2,Private
test_5b3b6a63,U+003F 1 1 U+FF2F 2 2,Private
test_5b6349b1,U+003F 1 1 U+FF2F 2 2,Public
test_5be29dd6,U+003F 1 1 U+FF2F 2 2,Public
test_5bebb402,U+003F 1 1 U+FF2F 2 2,Public
test_5c675906,U+003F 1 1 U+FF2F 2 2,Private
test_5c76d21c,U+003F 1 1 U+FF2F 2 2,Private
test_5c986af9,U+003F 1 1 U+FF2F 2 2,Private
test_5ca809a5,U+003F 1 1 U+FF2F 2 2,Private
test_5cb2ea64,U+003F 1 1 U+FF2F 2 2,Private
test_5d16fcd1,U+003F 1 1 U+FF2F 2 2,Private
test_5d2e7551,U+003F 1 1 U+FF2F 2 2,Private
test_5d4b080f,U+003F 1 1 U+FF2F 2 2,Public
test_5d5e6fc4,U+003F 1 1 U+FF2F 2 2,Public
test_5d6aa6e6,U+003F 1 1 U+FF2F 2 2,Public
test_5d8cf530,U+003F 1 1 U+FF2F 2 2,Private
test_5db511e5,U+003F 1 1 U+FF2F 2 2,Private
test_5dca4482,U+003F 1 1 U+FF2F 2 2,Private
test_5ddc7619,U+003F 1 1 U+FF2F 2 2,Private
test_5e35f64b,U+003F 1 1 U+FF2F 2 2,Public
test_5e3b12f7,U+003F 1 1 U+FF2F 2 2,Private
test_5e654bdb,U+003F 1 1 U+FF2F 2 2,Private
test_5e9a3b88,U+003F 1 1 U+FF2F 2 2,Private
test_5ebcac7a,U+003F 1 1 U+FF2F 2 2,Public
test_5edba683,U+003F 1 1 U+FF2F 2 2,Private
test_5edc5533,U+003F 1 1 U+FF2F 2 2,Public
test_5eeed764,U+003F 1 1 U+FF2F 2 2,Private
test_5f164973,U+003F 1 1 U+FF2F 2 2,Private
test_5f28f6ea,U+003F 1 1 U+FF2F 2 2,Private
test_5f89b578,U+003F 1 1 U+FF2F 2 2,Public
test_5f8fed4f,U+003F 1 1 U+FF2F 2 2,Private
test_5fa5d8e1,U+003F 1 1 U+FF2F 2 2,Private
test_5fad5708,U+003F 1 1 U+FF2F 2 2,Private
test_5fc258d9,U+003F 1 1 U+FF2F 2 2,Private
test_5fd51354,U+003F 1 1 U+FF2F 2 2,Private
test_5ff3beae,U+003F 1 1 U+FF2F 2 2,Private
test_5ffcb17a,U+003F 1 1 U+FF2F 2 2,Private
test_6034f26c,U+003F 1 1 U+FF2F 2 2,Public
test_6064f3e3,U+003F 1 1 U+FF2F 2 2,Public
test_60a1bffc,U+003F 1 1 U+FF2F 2 2,Private
test_60aa3533,U+003F 1 1 U+FF2F 2 2,Private
test_60ae4efe,U+003F 1 1 U+FF2F 2 2,Private
test_60ca3c44,U+003F 1 1 U+FF2F 2 2,Private
test_60f5db1a,U+003F 1 1 U+FF2F 2 2,Public
test_6129e0ab,U+003F 1 1 U+FF2F 2 2,Private
test_612b395c,U+003F 1 1 U+FF2F 2 2,Private
test_6163b963,U+003F 1 1 U+FF2F 2 2,Private
test_61715145,U+003F 1 1 U+FF2F 2 2,Public
test_617bb2c8,U+003F 1 1 U+FF2F 2 2,Public
test_6192733d,U+003F 1 1 U+FF2F 2 2,Private
test_61952789,U+003F 1 1 U+FF2F 2 2,Private
test_623752c0,U+003F 1 1 U+FF2F 2 2,Private
test_625e8493,U+003F 1 1 U+FF2F 2 2,Public
test_62de2667,U+003F 1 1 U+FF2F 2 2,Private
test_633c2db8,U+003F 1 1 U+FF2F 2 2,Private
test_6371c38b,U+003F 1 1 U+FF2F 2 2,Private
test_639349a2,U+003F 1 1 U+FF2F 2 2,Private
test_6399fa6d,U+003F 1 1 U+FF2F 2 2,Private
test_63c040a1,U+003F 1 1 U+FF2F 2 2,Private
test_63d73edc,U+003F 1 1 U+FF2F 2 2,Private
test_64107446,U+003F 1 1 U+FF2F 2 2,Private
test_64207dba,U+003F 1 1 U+FF2F 2 2,Public
test_6439ca9e,U+003F 1 1 U+FF2F 2 2,Public
test_644b29e6,U+003F 1 1 U+FF2F 2 2,Private
test_646af086,U+003F 1 1 U+FF2F 2 2,Private
test_64b293f6,U+003F 1 1 U+FF2F 2 2,Private
test_64b6400a,U+003F 1 1 U+FF2F 2 2,Private
test_64b68d2a,U+003F 1 1 U+FF2F 2 2,Private
test_64f33faa,U+003F 1 1 U+FF2F 2 2,Private
test_652d0f9e,U+003F 1 1 U+FF2F 2 2,Public
test_654e1f4d,U+003F 1 1 U+FF2F 2 2,Private
test_6567804d,U+003F 1 1 U+FF2F 2 2,Public
test_659843ad,U+003F 1 1 U+FF2F 2 2,Private
test_659f0110,U+003F 1 1 U+FF2F 2 2,Public
test_65ac6692,U+003F 1 1 U+FF2F 2 2,Private
test_660c79f7,U+003F 1 1 U+FF2F 2 2,Private
test_6622b897,U+003F 1 1 U+FF2F 2 2,Private
test_66637ff0,U+003F 1 1 U+FF2F 2 2,Private
test_66868f85,U+003F 1 1 U+FF2F 2 2,Private
test_668eeeee,U+003F 1 1 U+FF2F 2 2,Public
test_66aaaa74,U+003F 1 1 U+FF2F 2 2,Private
test_66d13b37,U+003F 1 1 U+FF2F 2 2,Private
test_66d35adb,U+003F 1 1 U+FF2F 2 2,Public
test_66ef3c93,U+003F 1 1 U+FF2F 2 2,Private
test_66fa8230,U+003F 1 1 U+FF2F 2 2,Public
test_66fff521,U+003F 1 1 U+FF2F 2 2,Private
test_673a5ad0,U+003F 1 1 U+FF2F 2 2,Private
test_67578065,U+003F 1 1 U+FF2F 2 2,Private
test_676c2182,U+003F 1 1 U+FF2F 2 2,Public
test_67a20be8,U+003F 1 1 U+FF2F 2 2,Private
test_67a700df,U+003F 1 1 U+FF2F 2 2,Public
test_67b08cbf,U+003F 1 1 U+FF2F 2 2,Private
test_67b53ead,U+003F 1 1 U+FF2F 2 2,Public
test_67d2775e,U+003F 1 1 U+FF2F 2 2,Public
test_67dde124,U+003F 1 1 U+FF2F 2 2,Public
test_67e54423,U+003F 1 1 U+FF2F 2 2,Public
test_67f93705,U+003F 1 1 U+FF2F 2 2,Private
test_67fdaa7d,U+003F 1 1 U+FF2F 2 2,Private
test_68090381,U+003F 1 1 U+FF2F 2 2,Private
test_680de4c2,U+003F 1 1 U+FF2F 2 2,Private
test_68268e16,U+003F 1 1 U+FF2F 2 2,Private
test_682db5cb,U+003F 1 1 U+FF2F 2 2,Private
test_68327491,U+003F 1 1 U+FF2F 2 2,Private
test_6840db4b,U+003F 1 1 U+FF2F 2 2,Private
test_68680ff1,U+003F 1 1 U+FF2F 2 2,Private
test_687699ea,U+003F 1 1 U+FF2F 2 2,Private
test_6897f8c8,U+003F 1 1 U+FF2F 2 2,Public
test_693f3d92,U+003F 1 1 U+FF2F 2 2,Private
test_69506f8b,U+003F 1 1 U+FF2F 2 2,Private
test_69692a79,U+003F 1 1 U+FF2F 2 2,Private
test_69821a30,U+003F 1 1 U+FF2F 2 2,Private
test_69862881,U+003F 1 1 U+FF2F 2 2,Private
test_699fa585,U+003F 1 1 U+FF2F 2 2,Private
test_69babd85,U+003F 1 1 U+FF2F 2 2,Public
test_69f12a50,U+003F 1 1 U+FF2F 2 2,Private
test_69f7bede,U+003F 1 1 U+FF2F 2 2,Private
test_6a0e5a8c,U+003F 1 1 U+FF2F 2 2,Public
test_6a309d2b,U+003F 1 1 U+FF2F 2 2,Private
test_6a3e254e,U+003F 1 1 U+FF2F 2 2,Public
test_6a40cac2,U+003F 1 1 U+FF2F 2 2,Public
test_6a440bb7,U+003F 1 1 U+FF2F 2 2,Private
test_6b066ac9,U+003F 1 1 U+FF2F 2 2,Private
test_6b0caca3,U+003F 1 1 U+FF2F 2 2,Private
test_6b6eb719,U+003F 1 1 U+FF2F 2 2,Private
test_6b70695a,U+003F 1 1 U+FF2F 2 2,Private
test_6b7c9b28,U+003F 1 1 U+FF2F 2 2,Private
test_6bb2b057,U+003F 1 1 U+FF2F 2 2,Private
test_6bb3c875,U+003F 1 1 U+FF2F 2 2,Private
test_6bfa853e,U+003F 1 1 U+FF2F 2 2,Public
test_6c085191,U+003F 1 1 U+FF2F 2 2,Private
test_6c2e8861,U+003F 1 1 U+FF2F 2 2,Public
test_6c386409,U+003F 1 1 U+FF2F 2 2,Private
test_6c4f6718,U+003F 1 1 U+FF2F 2 2,Private
test_6c9bf4ee,U+003F 1 1 U+FF2F 2 2,Private
test_6ca6d78f,U+003F 1 1 U+FF2F 2 2,Public
test_6ccac273,U+003F 1 1 U+FF2F 2 2,Private
test_6cd47140,U+003F 1 1 U+FF2F 2 2,Private
test_6d06cc9d,U+003F 1 1 U+FF2F 2 2,Public
test_6d609ff5,U+003F 1 1 U+FF2F 2 2,Private
test_6dacfb5b,U+003F 1 1 U+FF2F 2 2,Private
test_6db5336f,U+003F 1 1 U+FF2F 2 2,Private
test_6dc87741,U+003F 1 1 U+FF2F 2 2,Public
test_6df4d8d6,U+003F 1 1 U+FF2F 2 2,Public
test_6e0659fb,U+003F 1 1 U+FF2F 2 2,Private
test_6e369f48,U+003F 1 1 U+FF2F 2 2,Private
test_6e382a4e,U+003F 1 1 U+FF2F 2 2,Private
test_6e3946ce,U+003F 1 1 U+FF2F 2 2,Public
test_6e84434e,U+003F 1 1 U+FF2F 2 2,Public
test_6e976729,U+003F 1 1 U+FF2F 2 2,Private
test_6eaa2571,U+003F 1 1 U+FF2F 2 2,Private
test_6ee30786,U+003F 1 1 U+FF2F 2 2,Private
test_6ef5206b,U+003F 1 1 U+FF2F 2 2,Public
test_6f031a53,U+003F 1 1 U+FF2F 2 2,Private
test_6f0bf6f6,U+003F 1 1 U+FF2F 2 2,Public
test_6f1e546c,U+003F 1 1 U+FF2F 2 2,Public
test_6f379403,U+003F 1 1 U+FF2F 2 2,Private
test_6f3997f5,U+003F 1 1 U+FF2F 2 2,Private
test_6f7b9903,U+003F 1 1 U+FF2F 2 2,Private
test_6f9e5ec6,U+003F 1 1 U+FF2F 2 2,Public
test_6faa59b4,U+003F 1 1 U+FF2F 2 2,Private
test_6fbd8255,U+003F 1 1 U+FF2F 2 2,Private
test_6fc3078e,U+003F 1 1 U+FF2F 2 2,Public
test_6fd05afa,U+003F 1 1 U+FF2F 2 2,Private
test_6fe40c69,U+003F 1 1 U+FF2F 2 2,Private
test_70411479,U+003F 1 1 U+FF2F 2 2,Private
test_7044c4ee,U+003F 1 1 U+FF2F 2 2,Public
test_715d5cf2,U+003F 1 1 U+FF2F 2 2,Public
test_71e4863d,U+003F 1 1 U+FF2F 2 2,Private
test_720d4ddc,U+003F 1 1 U+FF2F 2 2,Public
test_723086d8,U+003F 1 1 U+FF2F 2 2,Private
test_7237390e,U+003F 1 1 U+FF2F 2 2,Public
test_72494d76,U+003F 1 1 U+FF2F 2 2,Public
test_724c2200,U+003F 1 1 U+FF2F 2 2,Private
test_728d5378,U+003F 1 1 U+FF2F 2 2,Private
test_72a010b5,U+003F 1 1 U+FF2F 2 2,Public
test_72a136d0,U+003F 1 1 U+FF2F 2 2,Public
test_72d0ecc8,U+003F 1 1 U+FF2F 2 2,Public
test_72e175f7,U+003F 1 1 U+FF2F 2 2,Public
test_72fbe275,U+003F 1 1 U+FF2F 2 2,Public
test_7315142c,U+003F 1 1 U+FF2F 2 2,Public
test_7315d707,U+003F 1 1 U+FF2F 2 2,Public
test_732c37fa,U+003F 1 1 U+FF2F 2 2,Private
test_732ca91f,U+003F 1 1 U+FF2F 2 2,Private
test_73363243,U+003F 1 1 U+FF2F 2 2,Public
test_7340e96b,U+003F 1 1 U+FF2F 2 2,Private
test_7395c4f6,U+003F 1 1 U+FF2F 2 2,Private
test_73980e21,U+003F 1 1 U+FF2F 2 2,Private
test_73a084c1,U+003F 1 1 U+FF2F 2 2,Private
test_73e26c38,U+003F 1 1 U+FF2F 2 2,Private
test_73f1114d,U+003F 1 1 U+FF2F 2 2,Public
test_73f2dbc5,U+003F 1 1 U+FF2F 2 2,Public
test_73f524e9,U+003F 1 1 U+FF2F 2 2,Private
test_747df8c3,U+003F 1 1 U+FF2F 2 2,Private
test_74bafc85,U+003F 1 1 U+FF2F 2 2,Private
test_74e06dcb,U+003F 1 1 U+FF2F 2 2,Public
test_74f786e6,U+003F 1 1 U+FF2F 2 2,Public
test_74fd1b61,U+003F 1 1 U+FF2F 2 2,Private
test_7506c594,U+003F 1 1 U+FF2F 2 2,Private
test_75560836,U+003F 1 1 U+FF2F 2 2,Private
test_758fad19,U+003F 1 1 U+FF2F 2 2,Public
test_75a2786e,U+003F 1 1 U+FF2F 2 2,Private
test_75d7cbf2,U+003F 1 1 U+FF2F 2 2,Public
test_75dd28fc,U+003F 1 1 U+FF2F 2 2,Private
test_75fe4e47,U+003F 1 1 U+FF2F 2 2,Private
test_7618115b,U+003F 1 1 U+FF2F 2 2,Private
test_76193528,U+003F 1 1 U+FF2F 2 2,Public
test_7634a536,U+003F 1 1 U+FF2F 2 2,Private
test_76a13b4b,U+003F 1 1 U+FF2F 2 2,Private
test_76fd98cd,U+003F 1 1 U+FF2F 2 2,Private
test_7702fa6c,U+003F 1 1 U+FF2F 2 2,Private
test_7717ff22,U+003F 1 1 U+FF2F 2 2,Private
test_7732b48a,U+003F 1 1 U+FF2F 2 2,Private
test_773322ba,U+003F 1 1 U+FF2F 2 2,Public
test_77518ecd,U+003F 1 1 U+FF2F 2 2,Public
test_775c21b0,U+003F 1 1 U+FF2F 2 2,Private
test_778a95f7,U+003F 1 1 U+FF2F 2 2,Private
test_779b497b,U+003F 1 1 U+FF2F 2 2,Private
test_77e3f460,U+003F 1 1 U+FF2F 2 2,Private
test_77f0fc35,U+003F 1 1 U+FF2F 2 2,Public
test_78193c15,U+003F 1 1 U+FF2F 2 2,Private
test_784ceba2,U+003F 1 1 U+FF2F 2 2,Public
test_7859a773,U+003F 1 1 U+FF2F 2 2,Private
test_785a5f31,U+003F 1 1 U+FF2F 2 2,Private
test_7864aded,U+003F 1 1 U+FF2F 2 2,Public
test_7864dcb0,U+003F 1 1 U+FF2F 2 2,Private
test_7871951e,U+003F 1 1 U+FF2F 2 2,Private
test_78c25d01,U+003F 1 1 U+FF2F 2 2,Private
test_78d8db58,U+003F 1 1 U+FF2F 2 2,Public
test_78db66cb,U+003F 1 1 U+FF2F 2 2,Private
test_78df1d83,U+003F 1 1 U+FF2F 2 2,Public
test_78f77540,U+003F 1 1 U+FF2F 2 2,Public
test_792780b3,U+003F 1 1 U+FF2F 2 2,Private
test_79909f75,U+003F 1 1 U+FF2F 2 2,Private
test_79924f18,U+003F 1 1 U+FF2F 2 2,Private
test_79a331e9,U+003F 1 1 U+FF2F 2 2,Public
test_79f0a983,U+003F 1 1 U+FF2F 2 2,Private
test_7a2d1b73,U+003F 1 1 U+FF2F 2 2,Public
test_7a50fa94,U+003F 1 1 U+FF2F 2 2,Private
test_7a7497c2,U+003F 1 1 U+FF2F 2 2,Private
test_7aaecb07,U+003F 1 1 U+FF2F 2 2,Private
test_7b0f411a,U+003F 1 1 U+FF2F 2 2,Public
test_7b212a73,U+003F 1 1 U+FF2F 2 2,Private
test_7b386dfe,U+003F 1 1 U+FF2F 2 2,Private
test_7b5b95d6,U+003F 1 1 U+FF2F 2 2,Private
test_7b8e6f3d,U+003F 1 1 U+FF2F 2 2,Private
test_7b97f274,U+003F 1 1 U+FF2F 2 2,Private
test_7c00a031,U+003F 1 1 U+FF2F 2 2,Private
test_7c2ebc2d,U+003F 1 1 U+FF2F 2 2,Public
test_7c546bc6,U+003F 1 1 U+FF2F 2 2,Public
test_7ccec487,U+003F 1 1 U+FF2F 2 2,Public
test_7ccff967,U+003F 1 1 U+FF2F 2 2,Public
test_7cd8fdbf,U+003F 1 1 U+FF2F 2 2,Private
test_7ce808af,U+003F 1 1 U+FF2F 2 2,Private
test_7d07df83,U+003F 1 1 U+FF2F 2 2,Private
test_7d19dac2,U+003F 1 1 U+FF2F 2 2,Private
test_7d325b90,U+003F 1 1 U+FF2F 2 2,Private
test_7d8ce284,U+003F 1 1 U+FF2F 2 2,Private
test_7d9e8bbf,U+003F 1 1 U+FF2F 2 2,Private
test_7dddd28e,U+003F 1 1 U+FF2F 2 2,Public
test_7de633aa,U+003F 1 1 U+FF2F 2 2,Private
test_7e08eb6a,U+003F 1 1 U+FF2F 2 2,Private
test_7e2e9e06,U+003F 1 1 U+FF2F 2 2,Public
test_7e3ecf8a,U+003F 1 1 U+FF2F 2 2,Public
test_7e3fed50,U+003F 1 1 U+FF2F 2 2,Private
test_7e69a15c,U+003F 1 1 U+FF2F 2 2,Private
test_7e773a6c,U+003F 1 1 U+FF2F 2 2,Private
test_7eabc788,U+003F 1 1 U+FF2F 2 2,Public
test_7ec26ca9,U+003F 1 1 U+FF2F 2 2,Private
test_7ecfab66,U+003F 1 1 U+FF2F 2 2,Private
test_7ee33b2f,U+003F 1 1 U+FF2F 2 2,Public
test_7ef21c46,U+003F 1 1 U+FF2F 2 2,Private
test_7f1e149b,U+003F 1 1 U+FF2F 2 2,Private
test_7f9dd220,U+003F 1 1 U+FF2F 2 2,Private
test_7fb435ec,U+003F 1 1 U+FF2F 2 2,Private
test_80259fd0,U+003F 1 1 U+FF2F 2 2,Private
test_8096b92b,U+003F 1 1 U+FF2F 2 2,Public
test_8115c9e4,U+003F 1 1 U+FF2F 2 2,Public
test_8141835e,U+003F 1 1 U+FF2F 2 2,Private
test_8142eb0e,U+003F 1 1 U+FF2F 2 2,Public
test_815d6528,U+003F 1 1 U+FF2F 2 2,Private
test_816bfaae,U+003F 1 1 U+FF2F 2 2,Private
test_8174732d,U+003F 1 1 U+FF2F 2 2,Public
test_81b9e3e6,U+003F 1 1 U+FF2F 2 2,Public
test_81fabc9a,U+003F 1 1 U+FF2F 2 2,Private
test_82348d7e,U+003F 1 1 U+FF2F 2 2,Private
test_828e95fd,U+003F 1 1 U+FF2F 2 2,Private
test_82a13dac,U+003F 1 1 U+FF2F 2 2,Private
test_82b4f1af,U+003F 1 1 U+FF2F 2 2,Private
test_82e8a0af,U+003F 1 1 U+FF2F 2 2,Private
test_8348183f,U+003F 1 1 U+FF2F 2 2,Public
test_8360090f,U+003F 1 1 U+FF2F 2 2,Private
test_83926967,U+003F 1 1 U+FF2F 2 2,Private
test_8394b39c,U+003F 1 1 U+FF2F 2 2,Public
test_839c69e8,U+003F 1 1 U+FF2F 2 2,Public
test_8401486e,U+003F 1 1 U+FF2F 2 2,Private
test_8489c9e8,U+003F 1 1 U+FF2F 2 2,Public
test_84a25f0a,U+003F 1 1 U+FF2F 2 2,Private
test_851b8f57,U+003F 1 1 U+FF2F 2 2,Private
test_852482e8,U+003F 1 1 U+FF2F 2 2,Private
test_852b2687,U+003F 1 1 U+FF2F 2 2,Public
test_853d42e4,U+003F 1 1 U+FF2F 2 2,Public
test_854b8dd1,U+003F 1 1 U+FF2F 2 2,Private
test_85519146,U+003F 1 1 U+FF2F 2 2,Private
test_856e99b4,U+003F 1 1 U+FF2F 2 2,Private
test_85c5475a,U+003F 1 1 U+FF2F 2 2,Private
test_85c567da,U+003F 1 1 U+FF2F 2 2,Private
test_85d08132,U+003F 1 1 U+FF2F 2 2,Private
test_85d8ff7f,U+003F 1 1 U+FF2F 2 2,Private
test_85fbcdf9,U+003F 1 1 U+FF2F 2 2,Private
test_8620c286,U+003F 1 1 U+FF2F 2 2,Private
test_8664af5c,U+003F 1 1 U+FF2F 2 2,Private
test_866a464e,U+003F 1 1 U+FF2F 2 2,Private
test_8695ae4d,U+003F 1 1 U+FF2F 2 2,Private
test_869f3b53,U+003F 1 1 U+FF2F 2 2,Private
test_86b4b65b,U+003F 1 1 U+FF2F 2 2,Private
test_86d3a5a1,U+003F 1 1 U+FF2F 2 2,Public
test_86e36089,U+003F 1 1 U+FF2F 2 2,Private
test_86e96897,U+003F 1 1 U+FF2F 2 2,Private
test_87415180,U+003F 1 1 U+FF2F 2 2,Private
test_87498e98,U+003F 1 1 U+FF2F 2 2,Private
test_878c643b,U+003F 1 1 U+FF2F 2 2,Private
test_878e7964,U+003F 1 1 U+FF2F 2 2,Public
test_87a6815b,U+003F 1 1 U+FF2F 2 2,Private
test_87aad795,U+003F 1 1 U+FF2F 2 2,Private
test_87c202fb,U+003F 1 1 U+FF2F 2 2,Private
test_87c4fec3,U+003F 1 1 U+FF2F 2 2,Private
test_87cf3ccf,U+003F 1 1 U+FF2F 2 2,Public
test_87d28db7,U+003F 1 1 U+FF2F 2 2,Public
test_87d79650,U+003F 1 1 U+FF2F 2 2,Private
test_87e7f89d,U+003F 1 1 U+FF2F 2 2,Public
test_881f0edb,U+003F 1 1 U+FF2F 2 2,Private
test_885dd50a,U+003F 1 1 U+FF2F 2 2,Private
test_8870b96a,U+003F 1 1 U+FF2F 2 2,Private
test_88ad7fe3,U+003F 1 1 U+FF2F 2 2,Private
test_88cbdd12,U+003F 1 1 U+FF2F 2 2,Private
test_891b3792,U+003F 1 1 U+FF2F 2 2,Private
test_8956b059,U+003F 1 1 U+FF2F 2 2,Public
test_89c43718,U+003F 1 1 U+FF2F 2 2,Private
test_89d511f5,U+003F 1 1 U+FF2F 2 2,Public
test_8a5927ce,U+003F 1 1 U+FF2F 2 2,Private
test_8a59394b,U+003F 1 1 U+FF2F 2 2,Public
test_8a5aab5d,U+003F 1 1 U+FF2F 2 2,Private
test_8aa41681,U+003F 1 1 U+FF2F 2 2,Private
test_8aa528ed,U+003F 1 1 U+FF2F 2 2,Public
test_8aafc430,U+003F 1 1 U+FF2F 2 2,Private
test_8ae02713,U+003F 1 1 U+FF2F 2 2,Public
test_8ae67b34,U+003F 1 1 U+FF2F 2 2,Private
test_8b0a8310,U+003F 1 1 U+FF2F 2 2,Public
test_8b184511,U+003F 1 1 U+FF2F 2 2,Public
test_8b371868,U+003F 1 1 U+FF2F 2 2,Public
test_8b38c9a6,U+003F 1 1 U+FF2F 2 2,Private
test_8b632b2b,U+003F 1 1 U+FF2F 2 2,Public
test_8b74b78c,U+003F 1 1 U+FF2F 2 2,Public
test_8b88e664,U+003F 1 1 U+FF2F 2 2,Public
test_8bad9a35,U+003F 1 1 U+FF2F 2 2,Private
test_8bca00b0,U+003F 1 1 U+FF2F 2 2,Private
test_8be88cc7,U+003F 1 1 U+FF2F 2 2,Private
test_8be8e578,U+003F 1 1 U+FF2F 2 2,Private
test_8c0dc41c,U+003F 1 1 U+FF2F 2 2,Public
test_8c63a4ab,U+003F 1 1 U+FF2F 2 2,Public
test_8c90dad1,U+003F 1 1 U+FF2F 2 2,Private
test_8ca10087,U+003F 1 1 U+FF2F 2 2,Public
test_8da01f7d,U+003F 1 1 U+FF2F 2 2,Private
test_8e3b7611,U+003F 1 1 U+FF2F 2 2,Public
test_8e54dcf1,U+003F 1 1 U+FF2F 2 2,Private
test_8e67c60b,U+003F 1 1 U+FF2F 2 2,Private
test_8e6fdd2c,U+003F 1 1 U+FF2F 2 2,Private
test_8e945bf0,U+003F 1 1 U+FF2F 2 2,Public
test_8e965abc,U+003F 1 1 U+FF2F 2 2,Private
test_8ea7958f,U+003F 1 1 U+FF2F 2 2,Private
test_8ec4e756,U+003F 1 1 U+FF2F 2 2,Public
test_8ed8e08f,U+003F 1 1 U+FF2F 2 2,Public
test_8eee8f1f,U+003F 1 1 U+FF2F 2 2,Public
test_8f0850f9,U+003F 1 1 U+FF2F 2 2,Private
test_8f2d3942,U+003F 1 1 U+FF2F 2 2,Public
test_8f5d51f3,U+003F 1 1 U+FF2F 2 2,Public
test_8f79db75,U+003F 1 1 U+FF2F 2 2,Private
test_8fbed722,U+003F 1 1 U+FF2F 2 2,Private
test_8ff8377f,U+003F 1 1 U+FF2F 2 2,Private
test_901750e9,U+003F 1 1 U+FF2F 2 2,Public
test_90313f9f,U+003F 1 1 U+FF2F 2 2,Public
test_906c0834,U+003F 1 1 U+FF2F 2 2,Public
test_90739f60,U+003F 1 1 U+FF2F 2 2,Private
test_909e219e,U+003F 1 1 U+FF2F 2 2,Private
test_90a96d1a,U+003F 1 1 U+FF2F 2 2,Private
test_91b2f5da,U+003F 1 1 U+FF2F 2 2,Private
test_91db848a,U+003F 1 1 U+FF2F 2 2,Private
test_91ea6660,U+003F 1 1 U+FF2F 2 2,Private
test_9220cf5a,U+003F 1 1 U+FF2F 2 2,Private
test_924eacb4,U+003F 1 1 U+FF2F 2 2,Private
test_927d5524,U+003F 1 1 U+FF2F 2 2,Public
test_9291ddc3,U+003F 1 1 U+FF2F 2 2,Private
test_92ebdff5,U+003F 1 1 U+FF2F 2 2,Public
test_931d095f,U+003F 1 1 U+FF2F 2 2,Public
test_932cff3e,U+003F 1 1 U+FF2F 2 2,Public
test_936f4517,U+003F 1 1 U+FF2F 2 2,Public
test_939c4366,U+003F 1 1 U+FF2F 2 2,Public
test_93bfa651,U+003F 1 1 U+FF2F 2 2,Private
test_93ccc507,U+003F 1 1 U+FF2F 2 2,Public
test_93dfde20,U+003F 1 1 U+FF2F 2 2,Private
test_93fe85bc,U+003F 1 1 U+FF2F 2 2,Private
test_941f2e91,U+003F 1 1 U+FF2F 2 2,Private
test_94259403,U+003F 1 1 U+FF2F 2 2,Public
test_94649ad3,U+003F 1 1 U+FF2F 2 2,Public
test_94754e99,U+003F 1 1 U+FF2F 2 2,Public
test_94fbfeb7,U+003F 1 1 U+FF2F 2 2,Public
test_959c6559,U+003F 1 1 U+FF2F 2 2,Public
test_95d4e24d,U+003F 1 1 U+FF2F 2 2,Private
test_95fe77e6,U+003F 1 1 U+FF2F 2 2,Private
test_962d58c7,U+003F 1 1 U+FF2F 2 2,Private
test_9661fa3b,U+003F 1 1 U+FF2F 2 2,Public
test_966642bc,U+003F 1 1 U+FF2F 2 2,Private
test_96967615,U+003F 1 1 U+FF2F 2 2,Private
test_96c93a24,U+003F 1 1 U+FF2F 2 2,Private
test_97290ac3,U+003F 1 1 U+FF2F 2 2,Private
test_97327c63,U+003F 1 1 U+FF2F 2 2,Public
test_97409fd2,U+003F 1 1 U+FF2F 2 2,Private
test_9749842c,U+003F 1 1 U+FF2F 2 2,Public
test_97646734,U+003F 1 1 U+FF2F 2 2,Public
test_977e0f7a,U+003F 1 1 U+FF2F 2 2,Private
test_978fd3f8,U+003F 1 1 U+FF2F 2 2,Public
test_97996807,U+003F 1 1 U+FF2F 2 2,Public
test_97aad4af,U+003F 1 1 U+FF2F 2 2,Private
test_988583ac,U+003F 1 1 U+FF2F 2 2,Private
test_98a288b4,U+003F 1 1 U+FF2F 2 2,Private
test_98bf0a53,U+003F 1 1 U+FF2F 2 2,Private
test_98cfd6be,U+003F 1 1 U+FF2F 2 2,Private
test_98e56180,U+003F 1 1 U+FF2F 2 2,Private
test_9932706b,U+003F 1 1 U+FF2F 2 2,Public
test_994577a5,U+003F 1 1 U+FF2F 2 2,Public
test_9964e9cd,U+003F 1 1 U+FF2F 2 2,Private
test_996ef929,U+003F 1 1 U+FF2F 2 2,Private
test_99777517,U+003F 1 1 U+FF2F 2 2,Private
test_99e1dc57,U+003F 1 1 U+FF2F 2 2,Private
test_9a00aafb,U+003F 1 1 U+FF2F 2 2,Private
test_9a9fe003,U+003F 1 1 U+FF2F 2 2,Private
test_9ab98303,U+003F 1 1 U+FF2F 2 2,Private
test_9b7258ce,U+003F 1 1 U+FF2F 2 2,Private
test_9b742dd4,U+003F 1 1 U+FF2F 2 2,Public
test_9b89acfb,U+003F 1 1 U+FF2F 2 2,Private
test_9b8a35af,U+003F 1 1 U+FF2F 2 2,Public
test_9b947fd3,U+003F 1 1 U+FF2F 2 2,Private
test_9bead760,U+003F 1 1 U+FF2F 2 2,Public
test_9c067fc7,U+003F 1 1 U+FF2F 2 2,Private
test_9c75917b,U+003F 1 1 U+FF2F 2 2,Private
test_9cb0f660,U+003F 1 1 U+FF2F 2 2,Private
test_9cc5bd49,U+003F 1 1 U+FF2F 2 2,Public
test_9d099b31,U+003F 1 1 U+FF2F 2 2,Private
test_9d2e1cc2,U+003F 1 1 U+FF2F 2 2,Private
test_9d332147,U+003F 1 1 U+FF2F 2 2,Private
test_9d45bc50,U+003F 1 1 U+FF2F 2 2,Public
test_9d563a95,U+003F 1 1 U+FF2F 2 2,Private
test_9e0fa305,U+003F 1 1 U+FF2F 2 2,Private
test_9e3e5008,U+003F 1 1 U+FF2F 2 2,Private
test_9e632c33,U+003F 1 1 U+FF2F 2 2,Public
test_9e69b7fe,U+003F 1 1 U+FF2F 2 2,Public
test_9e6ec924,U+003F 1 1 U+FF2F 2 2,Private
test_9e98535f,U+003F 1 1 U+FF2F 2 2,Private
test_9e9af185,U+003F 1 1 U+FF2F 2 2,Public
test_9edc2b0b,U+003F 1 1 U+FF2F 2 2,Private
test_9f2c7bac,U+003F 1 1 U+FF2F 2 2,Private
test_9f2f52e3,U+003F 1 1 U+FF2F 2 2,Private
test_9f4c7a21,U+003F 1 1 U+FF2F 2 2,Public
test_9f667169,U+003F 1 1 U+FF2F 2 2,Private
test_9f6cf05b,U+003F 1 1 U+FF2F 2 2,Private
test_9f8fc4f7,U+003F 1 1 U+FF2F 2 2,Private
test_9f97d28c,U+003F 1 1 U+FF2F 2 2,Private
test_9fcdb664,U+003F 1 1 U+FF2F 2 2,Private
test_a0645f1d,U+003F 1 1 U+FF2F 2 2,Public
test_a06b3f5f,U+003F 1 1 U+FF2F 2 2,Public
test_a08edcad,U+003F 1 1 U+FF2F 2 2,Public
test_a0c83947,U+003F 1 1 U+FF2F 2 2,Public
test_a10a423d,U+003F 1 1 U+FF2F 2 2,Private
test_a12c914d,U+003F 1 1 U+FF2F 2 2,Private
test_a145d486,U+003F 1 1 U+FF2F 2 2,Public
test_a1a90a99,U+003F 1 1 U+FF2F 2 2,Public
test_a1f3ce36,U+003F 1 1 U+FF2F 2 2,Private
test_a1f633ec,U+003F 1 1 U+FF2F 2 2,Private
test_a1f9d131,U+003F 1 1 U+FF2F 2 2,Private
test_a22f3619,U+003F 1 1 U+FF2F 2 2,Private
test_a234fccb,U+003F 1 1 U+FF2F 2 2,Private
test_a235e5d6,U+003F 1 1 U+FF2F 2 2,Private
test_a2485314,U+003F 1 1 U+FF2F 2 2,Private
test_a25875a6,U+003F 1 1 U+FF2F 2 2,Private
test_a26337f4,U+003F 1 1 U+FF2F 2 2,Private
test_a26e7652,U+003F 1 1 U+FF2F 2 2,Public
test_a27277aa,U+003F 1 1 U+FF2F 2 2,Public
test_a272d114,U+003F 1 1 U+FF2F 2 2,Public
test_a29273e9,U+003F 1 1 U+FF2F 2 2,Private
test_a2b32a33,U+003F 1 1 U+FF2F 2 2,Private
test_a2b50423,U+003F 1 1 U+FF2F 2 2,Private
test_a2e120a3,U+003F 1 1 U+FF2F 2 2,Private
test_a2ee43d0,U+003F 1 1 U+FF2F 2 2,Public
test_a3012650,U+003F 1 1 U+FF2F 2 2,Private
test_a3632c1e,U+003F 1 1 U+FF2F 2 2,Private
test_a392c886,U+003F 1 1 U+FF2F 2 2,Private
test_a3c154bd,U+003F 1 1 U+FF2F 2 2,Private
test_a3c96161,U+003F 1 1 U+FF2F 2 2,Private
test_a3d5bb33,U+003F 1 1 U+FF2F 2 2,Public
test_a3ebecb7,U+003F 1 1 U+FF2F 2 2,Public
test_a41fe924,U+003F 1 1 U+FF2F 2 2,Private
test_a43a2760,U+003F 1 1 U+FF2F 2 2,Private
test_a49a5d7d,U+003F 1 1 U+FF2F 2 2,Public
test_a4c67f42,U+003F 1 1 U+FF2F 2 2,Private
test_a4ce7858,U+003F 1 1 U+FF2F 2 2,Private
test_a500210b,U+003F 1 1 U+FF2F 2 2,Public
test_a542bdf9,U+003F 1 1 U+FF2F 2 2,Public
test_a58c5266,U+003F 1 1 U+FF2F 2 2,Public
test_a593206c,U+003F 1 1 U+FF2F 2 2,Private
test_a599a2bd,U+003F 1 1 U+FF2F 2 2,Private
test_a5a084f4,U+003F 1 1 U+FF2F 2 2,Private
test_a5f6da50,U+003F 1 1 U+FF2F 2 2,Private
test_a61ad31b,U+003F 1 1 U+FF2F 2 2,Private
test_a61cb908,U+003F 1 1 U+FF2F 2 2,Private
test_a6275512,U+003F 1 1 U+FF2F 2 2,Public
test_a62b2def,U+003F 1 1 U+FF2F 2 2,Private
test_a634b455,U+003F 1 1 U+FF2F 2 2,Public
test_a66bb159,U+003F 1 1 U+FF2F 2 2,Private
test_a7a462d7,U+003F 1 1 U+FF2F 2 2,Private
test_a7ca0b1b,U+003F 1 1 U+FF2F 2 2,Private
test_a7e7a560,U+003F 1 1 U+FF2F 2 2,Private
test_a7e9cad2,U+003F 1 1 U+FF2F 2 2,Public
test_a80c96c7,U+003F 1 1 U+FF2F 2 2,Private
test_a828cd93,U+003F 1 1 U+FF2F 2 2,Private
test_a84d20ca,U+003F 1 1 U+FF2F 2 2,Public
test_a8539fdf,U+003F 1 1 U+FF2F 2 2,Private
test_a8718bec,U+003F 1 1 U+FF2F 2 2,Private
test_a8affcb9,U+003F 1 1 U+FF2F 2 2,Private
test_a8c2dc60,U+003F 1 1 U+FF2F 2 2,Public
test_a901ad1e,U+003F 1 1 U+FF2F 2 2,Private
test_a927d18b,U+003F 1 1 U+FF2F 2 2,Private
test_a98d8965,U+003F 1 1 U+FF2F 2 2,Private
test_a9b9a76f,U+003F 1 1 U+FF2F 2 2,Private
test_aa1583cb,U+003F 1 1 U+FF2F 2 2,Private
test_aa4f50dd,U+003F 1 1 U+FF2F 2 2,Private
test_aa64c0a2,U+003F 1 1 U+FF2F 2 2,Private
test_aafd44ae,U+003F 1 1 U+FF2F 2 2,Public
test_ab118d2d,U+003F 1 1 U+FF2F 2 2,Private
test_ab20c338,U+003F 1 1 U+FF2F 2 2,Public
test_ab81786f,U+003F 1 1 U+FF2F 2 2,Private
test_ab88a88f,U+003F 1 1 U+FF2F 2 2,Private
test_ab99e668,U+003F 1 1 U+FF2F 2 2,Private
test_aba0e48e,U+003F 1 1 U+FF2F 2 2,Public
test_abb90231,U+003F 1 1 U+FF2F 2 2,Private
test_abbe3116,U+003F 1 1 U+FF2F 2 2,Private
test_abd709dc,U+003F 1 1 U+FF2F 2 2,Private
test_abe4e042,U+003F 1 1 U+FF2F 2 2,Private
test_ac0e0e4e,U+003F 1 1 U+FF2F 2 2,Public
test_ac2c04bc,U+003F 1 1 U+FF2F 2 2,Public
test_ac7558e0,U+003F 1 1 U+FF2F 2 2,Private
test_acb72f99,U+003F 1 1 U+FF2F 2 2,Private
test_acdc0b8b,U+003F 1 1 U+FF2F 2 2,Private
test_acde8c04,U+003F 1 1 U+FF2F 2 2,Private
test_acfc6e61,U+003F 1 1 U+FF2F 2 2,Private
test_ad1c9d08,U+003F 1 1 U+FF2F 2 2,Public
test_ad5a607f,U+003F 1 1 U+FF2F 2 2,Private
test_ad69bb6d,U+003F 1 1 U+FF2F 2 2,Private
test_ad8f1279,U+003F 1 1 U+FF2F 2 2,Private
test_ada6dfa3,U+003F 1 1 U+FF2F 2 2,Public
test_adb2a677,U+003F 1 1 U+FF2F 2 2,Private
test_adcc1d2b,U+003F 1 1 U+FF2F 2 2,Private
test_adce8e13,U+003F 1 1 U+FF2F 2 2,Private
test_adcfef6b,U+003F 1 1 U+FF2F 2 2,Private
test_ae0a5a86,U+003F 1 1 U+FF2F 2 2,Private
test_ae342661,U+003F 1 1 U+FF2F 2 2,Private
test_ae449a9e,U+003F 1 1 U+FF2F 2 2,Private
test_ae7eca6d,U+003F 1 1 U+FF2F 2 2,Private
test_aebfa564,U+003F 1 1 U+FF2F 2 2,Private
test_af19b71a,U+003F 1 1 U+FF2F 2 2,Private
test_af79bfb8,U+003F 1 1 U+FF2F 2 2,Public
test_afc0db3c,U+003F 1 1 U+FF2F 2 2,Private
test_afe9ca12,U+003F 1 1 U+FF2F 2 2,Public
test_afeb483e,U+003F 1 1 U+FF2F 2 2,Private
test_b01658e0,U+003F 1 1 U+FF2F 2 2,Private
test_b02004e5,U+003F 1 1 U+FF2F 2 2,Private
test_b030be20,U+003F 1 1 U+FF2F 2 2,Public
test_b0729414,U+003F 1 1 U+FF2F 2 2,Private
test_b0747499,U+003F 1 1 U+FF2F 2 2,Private
test_b07a37e9,U+003F 1 1 U+FF2F 2 2,Public
test_b08813a7,U+003F 1 1 U+FF2F 2 2,Public
test_b08f2124,U+003F 1 1 U+FF2F 2 2,Public
test_b0a068f1,U+003F 1 1 U+FF2F 2 2,Private
test_b0b20c44,U+003F 1 1 U+FF2F 2 2,Private
test_b0b3eac2,U+003F 1 1 U+FF2F 2 2,Private
test_b0f9dd09,U+003F 1 1 U+FF2F 2 2,Private
test_b10e08c4,U+003F 1 1 U+FF2F 2 2,Private
test_b1125ef8,U+003F 1 1 U+FF2F 2 2,Private
test_b1129cf3,U+003F 1 1 U+FF2F 2 2,Private
test_b1396f68,U+003F 1 1 U+FF2F 2 2,Private
test_b16ea802,U+003F 1 1 U+FF2F 2 2,Public
test_b191febe,U+003F 1 1 U+FF2F 2 2,Private
test_b19cc3a2,U+003F 1 1 U+FF2F 2 2,Private
test_b1af7020,U+003F 1 1 U+FF2F 2 2,Private
test_b1d97388,U+003F 1 1 U+FF2F 2 2,Public
test_b1e85080,U+003F 1 1 U+FF2F 2 2,Public
test_b242e447,U+003F 1 1 U+FF2F 2 2,Private
test_b26e2ef3,U+003F 1 1 U+FF2F 2 2,Private
test_b270fa8b,U+003F 1 1 U+FF2F 2 2,Public
test_b28d86a2,U+003F 1 1 U+FF2F 2 2,Private
test_b2c5a5eb,U+003F 1 1 U+FF2F 2 2,Public
test_b2daf86a,U+003F 1 1 U+FF2F 2 2,Private
test_b2e1ae5e,U+003F 1 1 U+FF2F 2 2,Private
test_b32b82e8,U+003F 1 1 U+FF2F 2 2,Public
test_b3b57a25,U+003F 1 1 U+FF2F 2 2,Private
test_b3daaaef,U+003F 1 1 U+FF2F 2 2,Public
test_b4062936,U+003F 1 1 U+FF2F 2 2,Private
test_b40b6a58,U+003F 1 1 U+FF2F 2 2,Private
test_b4787857,U+003F 1 1 U+FF2F 2 2,Public
test_b48ed16a,U+003F 1 1 U+FF2F 2 2,Private
test_b4bbfb74,U+003F 1 1 U+FF2F 2 2,Private
test_b4c745ab,U+003F 1 1 U+FF2F 2 2,Public
test_b4c78108,U+003F 1 1 U+FF2F 2 2,Public
test_b4f21c46,U+003F 1 1 U+FF2F 2 2,Public
test_b501dc19,U+003F 1 1 U+FF2F 2 2,Private
test_b5097180,U+003F 1 1 U+FF2F 2 2,Public
test_b5209fd1,U+003F 1 1 U+FF2F 2 2,Public
test_b520d85e,U+003F 1 1 U+FF2F 2 2,Private
test_b52b8a06,U+003F 1 1 U+FF2F 2 2,Private
test_b5368ed4,U+003F 1 1 U+FF2F 2 2,Private
test_b538ac91,U+003F 1 1 U+FF2F 2 2,Private
test_b5805d44,U+003F 1 1 U+FF2F 2 2,Public
test_b58e4141,U+003F 1 1 U+FF2F 2 2,Private
test_b5963344,U+003F 1 1 U+FF2F 2 2,Private
test_b5b3b18a,U+003F 1 1 U+FF2F 2 2,Private
test_b5c26d8c,U+003F 1 1 U+FF2F 2 2,Private
test_b5fb08b9,U+003F 1 1 U+FF2F 2 2,Public
test_b61a1598,U+003F 1 1 U+FF2F 2 2,Private
test_b676be27,U+003F 1 1 U+FF2F 2 2,Public
test_b6aa506a,U+003F 1 1 U+FF2F 2 2,Private
test_b6be5c29,U+003F 1 1 U+FF2F 2 2,Public
test_b6ef3238,U+003F 1 1 U+FF2F 2 2,Private
test_b6f065bf,U+003F 1 1 U+FF2F 2 2,Public
test_b702bcec,U+003F 1 1 U+FF2F 2 2,Private
test_b73c35fc,U+003F 1 1 U+FF2F 2 2,Private
test_b7658eb9,U+003F 1 1 U+FF2F 2 2,Public
test_b768c298,U+003F 1 1 U+FF2F 2 2,Private
test_b775447c,U+003F 1 1 U+FF2F 2 2,Public
test_b777e8e6,U+003F 1 1 U+FF2F 2 2,Private
test_b77b16f2,U+003F 1 1 U+FF2F 2 2,Private
test_b79f1e5f,U+003F 1 1 U+FF2F 2 2,Private
test_b81a7ba9,U+003F 1 1 U+FF2F 2 2,Private
test_b84f6c0e,U+003F 1 1 U+FF2F 2 2,Public
test_b854bfeb,U+003F 1 1 U+FF2F 2 2,Private
test_b925f680,U+003F 1 1 U+FF2F 2 2,Public
test_b9444085,U+003F 1 1 U+FF2F 2 2,Private
test_b95b102a,U+003F 1 1 U+FF2F 2 2,Private
test_b978864a,U+003F 1 1 U+FF2F 2 2,Private
test_b9886740,U+003F 1 1 U+FF2F 2 2,Private
test_b9d81f60,U+003F 1 1 U+FF2F 2 2,Private
test_b9e2ad45,U+003F 1 1 U+FF2F 2 2,Public
test_ba4912fa,U+003F 1 1 U+FF2F 2 2,Private
test_ba96b1ba,U+003F 1 1 U+FF2F 2 2,Public
test_baa2f337,U+003F 1 1 U+FF2F 2 2,Private
test_babaa0de,U+003F 1 1 U+FF2F 2 2,Private
test_bad06f75,U+003F 1 1 U+FF2F 2 2,Private
test_bae2f855,U+003F 1 1 U+FF2F 2 2,Private
test_bae587f2,U+003F 1 1 U+FF2F 2 2,Public
test_bb8b957a,U+003F 1 1 U+FF2F 2 2,Public
test_bb9b566e,U+003F 1 1 U+FF2F 2 2,Private
test_bba7f458,U+003F 1 1 U+FF2F 2 2,Public
test_bbd37ab7,U+003F 1 1 U+FF2F 2 2,Private
test_bbd86475,U+003F 1 1 U+FF2F 2 2,Private
test_bc072a9e,U+003F 1 1 U+FF2F 2 2,Public
test_bc1333da,U+003F 1 1 U+FF2F 2 2,Private
test_bc27916f,U+003F 1 1 U+FF2F 2 2,Private
test_bc3c6ec2,U+003F 1 1 U+FF2F 2 2,Private
test_bc688df0,U+003F 1 1 U+FF2F 2 2,Private
test_bcc6cd67,U+003F 1 1 U+FF2F 2 2,Private
test_bd26aa11,U+003F 1 1 U+FF2F 2 2,Private
test_bd4ae04c,U+003F 1 1 U+FF2F 2 2,Private
test_bd7f68ca,U+003F 1 1 U+FF2F 2 2,Private
test_bd8f3b72,U+003F 1 1 U+FF2F 2 2,Public
test_bdbee078,U+003F 1 1 U+FF2F 2 2,Private
test_bdda5825,U+003F 1 1 U+FF2F 2 2,Private
test_beac9056,U+003F 1 1 U+FF2F 2 2,Public
test_bead1097,U+003F 1 1 U+FF2F 2 2,Public
test_bf0c9713,U+003F 1 1 U+FF2F 2 2,Private
test_bf387391,U+003F 1 1 U+FF2F 2 2,Public
test_bf51a1cd,U+003F 1 1 U+FF2F 2 2,Public
test_bfb381ab,U+003F 1 1 U+FF2F 2 2,Public
test_bfd988d3,U+003F 1 1 U+FF2F 2 2,Private
test_bff9efe4,U+003F 1 1 U+FF2F 2 2,Public
test_bffd598c,U+003F 1 1 U+FF2F 2 2,Private
test_c051b086,U+003F 1 1 U+FF2F 2 2,Private
test_c0707116,U+003F 1 1 U+FF2F 2 2,Private
test_c071c07d,U+003F 1 1 U+FF2F 2 2,Private
test_c073afad,U+003F 1 1 U+FF2F 2 2,Private
test_c07e6c25,U+003F 1 1 U+FF2F 2 2,Public
test_c08588b5,U+003F 1 1 U+FF2F 2 2,Private
test_c095b344,U+003F 1 1 U+FF2F 2 2,Public
test_c0d0cb6e,U+003F 1 1 U+FF2F 2 2,Private
test_c0f16f59,U+003F 1 1 U+FF2F 2 2,Public
test_c1086876,U+003F 1 1 U+FF2F 2 2,Private
test_c1e15fb4,U+003F 1 1 U+FF2F 2 2,Private
test_c1f52314,U+003F 1 1 U+FF2F 2 2,Private
test_c1fc2142,U+003F 1 1 U+FF2F 2 2,Private
test_c25365bd,U+003F 1 1 U+FF2F 2 2,Private
test_c286a88c,U+003F 1 1 U+FF2F 2 2,Public
test_c2af4186,U+003F 1 1 U+FF2F 2 2,Public
test_c2afd9fc,U+003F 1 1 U+FF2F 2 2,Private
test_c30c5d40,U+003F 1 1 U+FF2F 2 2,Public
test_c35777dd,U+003F 1 1 U+FF2F 2 2,Public
test_c3696b34,U+003F 1 1 U+FF2F 2 2,Public
test_c3ad6e0c,U+003F 1 1 U+FF2F 2 2,Private
test_c3cf7457,U+003F 1 1 U+FF2F 2 2,Private
test_c410344b,U+003F 1 1 U+FF2F 2 2,Private
test_c42c8466,U+003F 1 1 U+FF2F 2 2,Public
test_c45c43d1,U+003F 1 1 U+FF2F 2 2,Private
test_c4b5631d,U+003F 1 1 U+FF2F 2 2,Public
test_c4c93b89,U+003F 1 1 U+FF2F 2 2,Public
test_c4ee2162,U+003F 1 1 U+FF2F 2 2,Private
test_c50e11f0,U+003F 1 1 U+FF2F 2 2,Private
test_c50fb4c5,U+003F 1 1 U+FF2F 2 2,Private
test_c51ba02f,U+003F 1 1 U+FF2F 2 2,Public
test_c531cda6,U+003F 1 1 U+FF2F 2 2,Public
test_c54270e9,U+003F 1 1 U+FF2F 2 2,Private
test_c577dc81,U+003F 1 1 U+FF2F 2 2,Private
test_c594a765,U+003F 1 1 U+FF2F 2 2,Private
test_c59bc1c7,U+003F 1 1 U+FF2F 2 2,Private
test_c5f60523,U+003F 1 1 U+FF2F 2 2,Public
test_c5f8fe03,U+003F 1 1 U+FF2F 2 2,Private
test_c617880c,U+003F 1 1 U+FF2F 2 2,Public
test_c634b0d7,U+003F 1 1 U+FF2F 2 2,Private
test_c64d0e3b,U+003F 1 1 U+FF2F 2 2,Private
test_c6972db9,U+003F 1 1 U+FF2F 2 2,Private
test_c6a659d0,U+003F 1 1 U+FF2F 2 2,Public
test_c6af51d0,U+003F 1 1 U+FF2F 2 2,Private
test_c6f43597,U+003F 1 1 U+FF2F 2 2,Private
test_c7051c14,U+003F 1 1 U+FF2F 2 2,Public
test_c7234a02,U+003F 1 1 U+FF2F 2 2,Private
test_c7284cc6,U+003F 1 1 U+FF2F 2 2,Private
test_c76f18a2,U+003F 1 1 U+FF2F 2 2,Private
test_c7aa34de,U+003F 1 1 U+FF2F 2 2,Public
test_c7b2fd77,U+003F 1 1 U+FF2F 2 2,Private
test_c7e387b5,U+003F 1 1 U+FF2F 2 2,Private
test_c80547a8,U+003F 1 1 U+FF2F 2 2,Public
test_c870a8b2,U+003F 1 1 U+FF2F 2 2,Private
test_c881ddf3,U+003F 1 1 U+FF2F 2 2,Private
test_c8cdb076,U+003F 1 1 U+FF2F 2 2,Public
test_c8e49939,U+003F 1 1 U+FF2F 2 2,Private
test_c92de336,U+003F 1 1 U+FF2F 2 2,Private
test_c9b9586e,U+003F 1 1 U+FF2F 2 2,Private
test_c9bb8807,U+003F 1 1 U+FF2F 2 2,Private
test_c9bc8994,U+003F 1 1 U+FF2F 2 2,Private
test_c9ce5943,U+003F 1 1 U+FF2F 2 2,Public
test_c9eafbc6,U+003F 1 1 U+FF2F 2 2,Private
test_c9eb48a5,U+003F 1 1 U+FF2F 2 2,Private
test_ca4df5cb,U+003F 1 1 U+FF2F 2 2,Public
test_ca50ee26,U+003F 1 1 U+FF2F 2 2,Public
test_ca669b53,U+003F 1 1 U+FF2F 2 2,Private
test_caabfe82,U+003F 1 1 U+FF2F 2 2,Private
test_cab7ddf6,U+003F 1 1 U+FF2F 2 2,Public
test_cac8b1e8,U+003F 1 1 U+FF2F 2 2,Public
test_cad878a4,U+003F 1 1 U+FF2F 2 2,Private
test_caeefb74,U+003F 1 1 U+FF2F 2 2,Private
test_cafe2854,U+003F 1 1 U+FF2F 2 2,Private
test_cb25827d,U+003F 1 1 U+FF2F 2 2,Private
test_cb285838,U+003F 1 1 U+FF2F 2 2,Private
test_cb4372f7,U+003F 1 1 U+FF2F 2 2,Private
test_cb519084,U+003F 1 1 U+FF2F 2 2,Private
test_cb58c3f0,U+003F 1 1 U+FF2F 2 2,Private
test_cb686ba0,U+003F 1 1 U+FF2F 2 2,Private
test_cb7a1f9f,U+003F 1 1 U+FF2F 2 2,Private
test_cbae308f,U+003F 1 1 U+FF2F 2 2,Public
test_cbb03113,U+003F 1 1 U+FF2F 2 2,Private
test_cbd5a1e5,U+003F 1 1 U+FF2F 2 2,Public
test_cbf811bc,U+003F 1 1 U+FF2F 2 2,Private
test_cc0a69f3,U+003F 1 1 U+FF2F 2 2,Private
test_cc34d479,U+003F 1 1 U+FF2F 2 2,Public
test_cc589ae0,U+003F 1 1 U+FF2F 2 2,Private
test_cc7ae6c6,U+003F 1 1 U+FF2F 2 2,Private
test_cc8a61fb,U+003F 1 1 U+FF2F 2 2,Public
test_ccab2e2f,U+003F 1 1 U+FF2F 2 2,Public
test_ccd5a7d7,U+003F 1 1 U+FF2F 2 2,Public
test_cce86c49,U+003F 1 1 U+FF2F 2 2,Public
test_cd36dae6,U+003F 1 1 U+FF2F 2 2,Public
test_cd58b520,U+003F 1 1 U+FF2F 2 2,Private
test_cd6fe0fe,U+003F 1 1 U+FF2F 2 2,Private
test_cd74a140,U+003F 1 1 U+FF2F 2 2,Public
test_ce1eb84f,U+003F 1 1 U+FF2F 2 2,Private
test_ce212ae5,U+003F 1 1 U+FF2F 2 2,Public
test_ce2848b9,U+003F 1 1 U+FF2F 2 2,Private
test_ce6f0190,U+003F 1 1 U+FF2F 2 2,Public
test_ce8c50e6,U+003F 1 1 U+FF2F 2 2,Public
test_cec34092,U+003F 1 1 U+FF2F 2 2,Public
test_cec683ad,U+003F 1 1 U+FF2F 2 2,Private
test_cec7e1fe,U+003F 1 1 U+FF2F 2 2,Private
test_ceef8f0e,U+003F 1 1 U+FF2F 2 2,Private
test_cef69c08,U+003F 1 1 U+FF2F 2 2,Public
test_cf332548,U+003F 1 1 U+FF2F 2 2,Private
test_cf3a865e,U+003F 1 1 U+FF2F 2 2,Public
test_cf9e32c1,U+003F 1 1 U+FF2F 2 2,Private
test_cfb00ae2,U+003F 1 1 U+FF2F 2 2,Public
test_cfb56812,U+003F 1 1 U+FF2F 2 2,Private
test_cfc96218,U+003F 1 1 U+FF2F 2 2,Public
test_cff7ac3b,U+003F 1 1 U+FF2F 2 2,Public
test_d0350ea1,U+003F 1 1 U+FF2F 2 2,Private
test_d08ee06c,U+003F 1 1 U+FF2F 2 2,Private
test_d0bdd1cd,U+003F 1 1 U+FF2F 2 2,Private
test_d0d2ee9f,U+003F 1 1 U+FF2F 2 2,Private
test_d1187fea,U+003F 1 1 U+FF2F 2 2,Public
test_d122e90b,U+003F 1 1 U+FF2F 2 2,Private
test_d15e7da1,U+003F 1 1 U+FF2F 2 2,Private
test_d1692ae2,U+003F 1 1 U+FF2F 2 2,Private
test_d17b5e48,U+003F 1 1 U+FF2F 2 2,Private
test_d2119f3e,U+003F 1 1 U+FF2F 2 2,Public
test_d23706ca,U+003F 1 1 U+FF2F 2 2,Private
test_d2740e5a,U+003F 1 1 U+FF2F 2 2,Private
test_d29787b3,U+003F 1 1 U+FF2F 2 2,Private
test_d2d3a18b,U+003F 1 1 U+FF2F 2 2,Private
test_d3977bc2,U+003F 1 1 U+FF2F 2 2,Private
test_d3982384,U+003F 1 1 U+FF2F 2 2,Public
test_d3e0b10a,U+003F 1 1 U+FF2F 2 2,Private
test_d4303cd5,U+003F 1 1 U+FF2F 2 2,Private
test_d4564b92,U+003F 1 1 U+FF2F 2 2,Private
test_d4825452,U+003F 1 1 U+FF2F 2 2,Private
test_d49da1cf,U+003F 1 1 U+FF2F 2 2,Private
test_d4c38c96,U+003F 1 1 U+FF2F 2 2,Private
test_d4c84d71,U+003F 1 1 U+FF2F 2 2,Private
test_d4d3cb1c,U+003F 1 1 U+FF2F 2 2,Public
test_d535f872,U+003F 1 1 U+FF2F 2 2,Private
test_d5682b99,U+003F 1 1 U+FF2F 2 2,Public
test_d5720f4b,U+003F 1 1 U+FF2F 2 2,Public
test_d592f2f7,U+003F 1 1 U+FF2F 2 2,Private
test_d5a0aea2,U+003F 1 1 U+FF2F 2 2,Private
test_d5f4ec27,U+003F 1 1 U+FF2F 2 2,Private
test_d5fa8f03,U+003F 1 1 U+FF2F 2 2,Private
test_d6037f73,U+003F 1 1 U+FF2F 2 2,Private
test_d608b3a3,U+003F 1 1 U+FF2F 2 2,Public
test_d63eaf85,U+003F 1 1 U+FF2F 2 2,Public
test_d63f3a4b,U+003F 1 1 U+FF2F 2 2,Public
test_d64e7138,U+003F 1 1 U+FF2F 2 2,Public
test_d65de46d,U+003F 1 1 U+FF2F 2 2,Private
test_d6705980,U+003F 1 1 U+FF2F 2 2,Public
test_d6e2c98a,U+003F 1 1 U+FF2F 2 2,Private
test_d7127195,U+003F 1 1 U+FF2F 2 2,Public
test_d7142223,U+003F 1 1 U+FF2F 2 2,Public
test_d71f66a7,U+003F 1 1 U+FF2F 2 2,Private
test_d74ecbf6,U+003F 1 1 U+FF2F 2 2,Private
test_d752a7f9,U+003F 1 1 U+FF2F 2 2,Private
test_d7901c2e,U+003F 1 1 U+FF2F 2 2,Public
test_d798a9c6,U+003F 1 1 U+FF2F 2 2,Private
test_d7cf037a,U+003F 1 1 U+FF2F 2 2,Private
test_d8017c08,U+003F 1 1 U+FF2F 2 2,Private
test_d80a0bd3,U+003F 1 1 U+FF2F 2 2,Private
test_d8261e59,U+003F 1 1 U+FF2F 2 2,Private
test_d86c2c8a,U+003F 1 1 U+FF2F 2 2,Private
test_d8d018bd,U+003F 1 1 U+FF2F 2 2,Public
test_d92081d0,U+003F 1 1 U+FF2F 2 2,Public
test_d940b57d,U+003F 1 1 U+FF2F 2 2,Private
test_d945b780,U+003F 1 1 U+FF2F 2 2,Public
test_d96f4f0d,U+003F 1 1 U+FF2F 2 2,Private
test_d9d1125f,U+003F 1 1 U+FF2F 2 2,Private
test_d9d59015,U+003F 1 1 U+FF2F 2 2,Public
test_d9fd3f53,U+003F 1 1 U+FF2F 2 2,Private
test_da011986,U+003F 1 1 U+FF2F 2 2,Private
test_da5aaf6e,U+003F 1 1 U+FF2F 2 2,Private
test_da63fe76,U+003F 1 1 U+FF2F 2 2,Public
test_da94843c,U+003F 1 1 U+FF2F 2 2,Public
test_dab1f6cf,U+003F 1 1 U+FF2F 2 2,Private
test_dad0fcaf,U+003F 1 1 U+FF2F 2 2,Private
test_dadef292,U+003F 1 1 U+FF2F 2 2,Private
test_daf0807d,U+003F 1 1 U+FF2F 2 2,Public
test_db3ccc1c,U+003F 1 1 U+FF2F 2 2,Private
test_dbb0cb85,U+003F 1 1 U+FF2F 2 2,Private
test_dbe4e7f0,U+003F 1 1 U+FF2F 2 2,Private
test_dbf69892,U+003F 1 1 U+FF2F 2 2,Private
test_dc038caf,U+003F 1 1 U+FF2F 2 2,Public
test_dc0cc4a1,U+003F 1 1 U+FF2F 2 2,Private
test_dc176f0b,U+003F 1 1 U+FF2F 2 2,Private
test_dc18a3ce,U+003F 1 1 U+FF2F 2 2,Private
test_dc6e5d08,U+003F 1 1 U+FF2F 2 2,Private
test_dc89ad56,U+003F 1 1 U+FF2F 2 2,Public
test_dcad561d,U+003F 1 1 U+FF2F 2 2,Private
test_dcb34f24,U+003F 1 1 U+FF2F 2 2,Private
test_dce9b8f7,U+003F 1 1 U+FF2F 2 2,Public
test_dd035fb2,U+003F 1 1 U+FF2F 2 2,Private
test_dd184e08,U+003F 1 1 U+FF2F 2 2,Private
test_dd91a4a8,U+003F 1 1 U+FF2F 2 2,Private
test_dd91de20,U+003F 1 1 U+FF2F 2 2,Private
test_dd9db97e,U+003F 1 1 U+FF2F 2 2,Public
test_ddbddfb1,U+003F 1 1 U+FF2F 2 2,Private
test_ddda2b79,U+003F 1 1 U+FF2F 2 2,Private
test_de038654,U+003F 1 1 U+FF2F 2 2,Private
test_de40c874,U+003F 1 1 U+FF2F 2 2,Private
test_de78f3ea,U+003F 1 1 U+FF2F 2 2,Private
test_de8d17b0,U+003F 1 1 U+FF2F 2 2,Private
test_de9bffb3,U+003F 1 1 U+FF2F 2 2,Private
test_defcfc68,U+003F 1 1 U+FF2F 2 2,Private
test_df034fb2,U+003F 1 1 U+FF2F 2 2,Private
test_df27bdc1,U+003F 1 1 U+FF2F 2 2,Private
test_df33ab00,U+003F 1 1 U+FF2F 2 2,Private
test_df3af05e,U+003F 1 1 U+FF2F 2 2,Private
test_df4138ed,U+003F 1 1 U+FF2F 2 2,Private
test_df45e689,U+003F 1 1 U+FF2F 2 2,Private
test_df50ba7c,U+003F 1 1 U+FF2F 2 2,Private
test_df6a703c,U+003F 1 1 U+FF2F 2 2,Private
test_df729541,U+003F 1 1 U+FF2F 2 2,Public
test_df7a954f,U+003F 1 1 U+FF2F 2 2,Public
test_dfc6046c,U+003F 1 1 U+FF2F 2 2,Private
test_dfeaecaf,U+003F 1 1 U+FF2F 2 2,Public
test_dfec548e,U+003F 1 1 U+FF2F 2 2,Public
test_e02992ef,U+003F 1 1 U+FF2F 2 2,Public
test_e0477165,U+003F 1 1 U+FF2F 2 2,Private
test_e05f7964,U+003F 1 1 U+FF2F 2 2,Private
test_e0680500,U+003F 1 1 U+FF2F 2 2,Private
test_e1367b20,U+003F 1 1 U+FF2F 2 2,Private
test_e13b4a5c,U+003F 1 1 U+FF2F 2 2,Private
test_e164b4ed,U+003F 1 1 U+FF2F 2 2,Private
test_e1861338,U+003F 1 1 U+FF2F 2 2,Private
test_e19e29e0,U+003F 1 1 U+FF2F 2 2,Public
test_e1ba9ec3,U+003F 1 1 U+FF2F 2 2,Private
test_e1f70b60,U+003F 1 1 U+FF2F 2 2,Private
test_e2018f86,U+003F 1 1 U+FF2F 2 2,Public
test_e21eab86,U+003F 1 1 U+FF2F 2 2,Private
test_e2585e6a,U+003F 1 1 U+FF2F 2 2,Private
test_e2ae1191,U+003F 1 1 U+FF2F 2 2,Public
test_e2d7cb1c,U+003F 1 1 U+FF2F 2 2,Private
test_e352e81a,U+003F 1 1 U+FF2F 2 2,Public
test_e389e895,U+003F 1 1 U+FF2F 2 2,Private
test_e3c83146,U+003F 1 1 U+FF2F 2 2,Private
test_e3e5d6fe,U+003F 1 1 U+FF2F 2 2,Private
test_e3f7d19d,U+003F 1 1 U+FF2F 2 2,Private
test_e3f9f769,U+003F 1 1 U+FF2F 2 2,Private
test_e4263754,U+003F 1 1 U+FF2F 2 2,Private
test_e42c2eb7,U+003F 1 1 U+FF2F 2 2,Public
test_e43ac7e8,U+003F 1 1 U+FF2F 2 2,Public
test_e4433191,U+003F 1 1 U+FF2F 2 2,Private
test_e459a54b,U+003F 1 1 U+FF2F 2 2,Private
test_e47e0e96,U+003F 1 1 U+FF2F 2 2,Public
test_e4cd34ac,U+003F 1 1 U+FF2F 2 2,Private
test_e4f517b6,U+003F 1 1 U+FF2F 2 2,Private
test_e4fa9c28,U+003F 1 1 U+FF2F 2 2,Private
test_e54813f1,U+003F 1 1 U+FF2F 2 2,Private
test_e59613fd,U+003F 1 1 U+FF2F 2 2,Private
test_e5a37068,U+003F 1 1 U+FF2F 2 2,Private
test_e5d1989b,U+003F 1 1 U+FF2F 2 2,Private
test_e5f337b1,U+003F 1 1 U+FF2F 2 2,Private
test_e5fa90e7,U+003F 1 1 U+FF2F 2 2,Private
test_e60a1514,U+003F 1 1 U+FF2F 2 2,Public
test_e667e05e,U+003F 1 1 U+FF2F 2 2,Public
test_e6e65ea3,U+003F 1 1 U+FF2F 2 2,Public
test_e6f2ae2a,U+003F 1 1 U+FF2F 2 2,Private
test_e7121b60,U+003F 1 1 U+FF2F 2 2,Public
test_e75de719,U+003F 1 1 U+FF2F 2 2,Private
test_e77ee7cc,U+003F 1 1 U+FF2F 2 2,Public
test_e79c3214,U+003F 1 1 U+FF2F 2 2,Private
test_e7bce76b,U+003F 1 1 U+FF2F 2 2,Private
test_e7bd7876,U+003F 1 1 U+FF2F 2 2,Public
test_e7cbff78,U+003F 1 1 U+FF2F 2 2,Private
test_e7e8846d,U+003F 1 1 U+FF2F 2 2,Public
test_e7f4a4cd,U+003F 1 1 U+FF2F 2 2,Private
test_e7f873f4,U+003F 1 1 U+FF2F 2 2,Private
test_e856e524,U+003F 1 1 U+FF2F 2 2,Public
test_e8b5cb44,U+003F 1 1 U+FF2F 2 2,Private
test_e8cecd36,U+003F 1 1 U+FF2F 2 2,Public
test_e8eb40bd,U+003F 1 1 U+FF2F 2 2,Public
test_e90b3dbb,U+003F 1 1 U+FF2F 2 2,Private
test_e918ac3e,U+003F 1 1 U+FF2F 2 2,Public
test_e9979492,U+003F 1 1 U+FF2F 2 2,Private
test_e9a32ebd,U+003F 1 1 U+FF2F 2 2,Public
test_e9b28686,U+003F 1 1 U+FF2F 2 2,Public
test_e9b7ce6a,U+003F 1 1 U+FF2F 2 2,Private
test_e9e9e8a7,U+003F 1 1 U+FF2F 2 2,Private
test_e9f440d2,U+003F 1 1 U+FF2F 2 2,Public
test_ea003569,U+003F 1 1 U+FF2F 2 2,Private
test_ea01904a,U+003F 1 1 U+FF2F 2 2,Private
test_ea967924,U+003F 1 1 U+FF2F 2 2,Private
test_ea97776b,U+003F 1 1 U+FF2F 2 2,Private
test_eac5d5a3,U+003F 1 1 U+FF2F 2 2,Private
test_eb481ec4,U+003F 1 1 U+FF2F 2 2,Private
test_eb747448,U+003F 1 1 U+FF2F 2 2,Private
test_eb79f6a2,U+003F 1 1 U+FF2F 2 2,Private
test_ebfa2aa0,U+003F 1 1 U+FF2F 2 2,Public
test_ec0c03a6,U+003F 1 1 U+FF2F 2 2,Public
test_ec0e95dd,U+003F 1 1 U+FF2F 2 2,Public
test_ec150080,U+003F 1 1 U+FF2F 2 2,Public
test_ec2a1b66,U+003F 1 1 U+FF2F 2 2,Private
test_ec7f18c7,U+003F 1 1 U+FF2F 2 2,Private
test_ec969c97,U+003F 1 1 U+FF2F 2 2,Private
test_ecb4bc52,U+003F 1 1 U+FF2F 2 2,Public
test_ecdf9b84,U+003F 1 1 U+FF2F 2 2,Private
test_ed2c7b8a,U+003F 1 1 U+FF2F 2 2,Private
test_edb581b9,U+003F 1 1 U+FF2F 2 2,Private
test_edb5bbf7,U+003F 1 1 U+FF2F 2 2,Private
test_edc1ec11,U+003F 1 1 U+FF2F 2 2,Private
test_edf400f3,U+003F 1 1 U+FF2F 2 2,Public
test_edf4d47d,U+003F 1 1 U+FF2F 2 2,Public
test_ee0be7ab,U+003F 1 1 U+FF2F 2 2,Private
test_ee7494e6,U+003F 1 1 U+FF2F 2 2,Private
test_ee7c7a10,U+003F 1 1 U+FF2F 2 2,Private
test_ee9e37d9,U+003F 1 1 U+FF2F 2 2,Private
test_eebbc684,U+003F 1 1 U+FF2F 2 2,Public
test_eebfb028,U+003F 1 1 U+FF2F 2 2,Private
test_eecba568,U+003F 1 1 U+FF2F 2 2,Public
test_eed03de5,U+003F 1 1 U+FF2F 2 2,Public
test_ef0591ad,U+003F 1 1 U+FF2F 2 2,Private
test_ef12b379,U+003F 1 1 U+FF2F 2 2,Public
test_ef15f66f,U+003F 1 1 U+FF2F 2 2,Private
test_efbfd39a,U+003F 1 1 U+FF2F 2 2,Private
test_efe9767a,U+003F 1 1 U+FF2F 2 2,Public
test_f07e6f2b,U+003F 1 1 U+FF2F 2 2,Private
test_f0fccc49,U+003F 1 1 U+FF2F 2 2,Public
test_f0fe3c34,U+003F 1 1 U+FF2F 2 2,Private
test_f10fe303,U+003F 1 1 U+FF2F 2 2,Private
test_f1293952,U+003F 1 1 U+FF2F 2 2,Private
test_f13745e8,U+003F 1 1 U+FF2F 2 2,Public
test_f1574d0f,U+003F 1 1 U+FF2F 2 2,Private
test_f1cd937e,U+003F 1 1 U+FF2F 2 2,Private
test_f228f25b,U+003F 1 1 U+FF2F 2 2,Private
test_f26d335d,U+003F 1 1 U+FF2F 2 2,Private
test_f27b9d9c,U+003F 1 1 U+FF2F 2 2,Private
test_f297d176,U+003F 1 1 U+FF2F 2 2,Private
test_f2a37d85,U+003F 1 1 U+FF2F 2 2,Private
test_f2cd2b07,U+003F 1 1 U+FF2F 2 2,Public
test_f2ce2e89,U+003F 1 1 U+FF2F 2 2,Private
test_f2d0d935,U+003F 1 1 U+FF2F 2 2,Public
test_f2e18611,U+003F 1 1 U+FF2F 2 2,Private
test_f303ba3b,U+003F 1 1 U+FF2F 2 2,Private
test_f30e7db4,U+003F 1 1 U+FF2F 2 2,Private
test_f3187a36,U+003F 1 1 U+FF2F 2 2,Public
test_f3194efc,U+003F 1 1 U+FF2F 2 2,Private
test_f37fd290,U+003F 1 1 U+FF2F 2 2,Private
test_f38059e4,U+003F 1 1 U+FF2F 2 2,Public
test_f3886e0b,U+003F 1 1 U+FF2F 2 2,Private
test_f3e2e233,U+003F 1 1 U+FF2F 2 2,Private
test_f3e8f3fd,U+003F 1 1 U+FF2F 2 2,Private
test_f4068eb1,U+003F 1 1 U+FF2F 2 2,Public
test_f409a6e8,U+003F 1 1 U+FF2F 2 2,Public
test_f40f436e,U+003F 1 1 U+FF2F 2 2,Private
test_f438acb0,U+003F 1 1 U+FF2F 2 2,Private
test_f4713672,U+003F 1 1 U+FF2F 2 2,Private
test_f47d7cd7,U+003F 1 1 U+FF2F 2 2,Private
test_f4a0c1a5,U+003F 1 1 U+FF2F 2 2,Public
test_f4f6cc07,U+003F 1 1 U+FF2F 2 2,Private
test_f51cf6c0,U+003F 1 1 U+FF2F 2 2,Private
test_f5296eec,U+003F 1 1 U+FF2F 2 2,Private
test_f5375c5f,U+003F 1 1 U+FF2F 2 2,Private
test_f558b99f,U+003F 1 1 U+FF2F 2 2,Private
test_f55c56c0,U+003F 1 1 U+FF2F 2 2,Private
test_f55fd752,U+003F 1 1 U+FF2F 2 2,Private
test_f5a912bf,U+003F 1 1 U+FF2F 2 2,Private
test_f5bdedd7,U+003F 1 1 U+FF2F 2 2,Private
test_f5ddaaa2,U+003F 1 1 U+FF2F 2 2,Private
test_f5e118fd,U+003F 1 1 U+FF2F 2 2,Private
test_f5ee0c83,U+003F 1 1 U+FF2F 2 2,Private
test_f61b6b3b,U+003F 1 1 U+FF2F 2 2,Private
test_f6253be1,U+003F 1 1 U+FF2F 2 2,Private
test_f632c868,U+003F 1 1 U+FF2F 2 2,Private
test_f63fe2af,U+003F 1 1 U+FF2F 2 2,Public
test_f6522000,U+003F 1 1 U+FF2F 2 2,Private
test_f6638f7a,U+003F 1 1 U+FF2F 2 2,Public
test_f667387e,U+003F 1 1 U+FF2F 2 2,Public
test_f667c288,U+003F 1 1 U+FF2F 2 2,Public
test_f6a2943f,U+003F 1 1 U+FF2F 2 2,Private
test_f6b6e726,U+003F 1 1 U+FF2F 2 2,Private
test_f6c3dbd5,U+003F 1 1 U+FF2F 2 2,Private
test_f6d36c06,U+003F 1 1 U+FF2F 2 2,Private
test_f74bb19b,U+003F 1 1 U+FF2F 2 2,Private
test_f754da8e,U+003F 1 1 U+FF2F 2 2,Private
test_f771733f,U+003F 1 1 U+FF2F 2 2,Public
test_f7aaab1a,U+003F 1 1 U+FF2F 2 2,Public
test_f80a7798,U+003F 1 1 U+FF2F 2 2,Public
test_f8539516,U+003F 1 1 U+FF2F 2 2,Private
test_f8767221,U+003F 1 1 U+FF2F 2 2,Private
test_f8eae9db,U+003F 1 1 U+FF2F 2 2,Private
test_f98e5cf1,U+003F 1 1 U+FF2F 2 2,Public
test_f99f9170,U+003F 1 1 U+FF2F 2 2,Public
test_f9a9f9c8,U+003F 1 1 U+FF2F 2 2,Private
test_fa0f4dd8,U+003F 1 1 U+FF2F 2 2,Public
test_fa34d287,U+003F 1 1 U+FF2F 2 2,Private
test_fa4779c3,U+003F 1 1 U+FF2F 2 2,Private
test_fa69983b,U+003F 1 1 U+FF2F 2 2,Private
test_fa73d9fe,U+003F 1 1 U+FF2F 2 2,Public
test_fa7efba8,U+003F 1 1 U+FF2F 2 2,Public
test_fa8d41c3,U+003F 1 1 U+FF2F 2 2,Public
test_faec5f3a,U+003F 1 1 U+FF2F 2 2,Private
test_fb08dd33,U+003F 1 1 U+FF2F 2 2,Private
test_fb237a15,U+003F 1 1 U+FF2F 2 2,Public
test_fb5f13b5,U+003F 1 1 U+FF2F 2 2,Private
test_fb6f8c92,U+003F 1 1 U+FF2F 2 2,Private
test_fb72d811,U+003F 1 1 U+FF2F 2 2,Private
test_fb76e0b4,U+003F 1 1 U+FF2F 2 2,Public
test_fbc2f322,U+003F 1 1 U+FF2F 2 2,Private
test_fc660efb,U+003F 1 1 U+FF2F 2 2,Private
test_fc6a1d7c,U+003F 1 1 U+FF2F 2 2,Public
test_fccb432a,U+003F 1 1 U+FF2F 2 2,Private
test_fce1627e,U+003F 1 1 U+FF2F 2 2,Public
test_fced778d,U+003F 1 1 U+FF2F 2 2,Private
test_fcff40ea,U+003F 1 1 U+FF2F 2 2,Private
test_fd060001,U+003F 1 1 U+FF2F 2 2,Private
test_fd2f6769,U+003F 1 1 U+FF2F 2 2,Public
test_fd9be637,U+003F 1 1 U+FF2F 2 2,Public
test_fdbe1198,U+003F 1 1 U+FF2F 2 2,Private
test_fdd17c8e,U+003F 1 1 U+FF2F 2 2,Private
test_fdfba990,U+003F 1 1 U+FF2F 2 2,Private
test_fe19fcfd,U+003F 1 1 U+FF2F 2 2,Private
test_fe1cde97,U+003F 1 1 U+FF2F 2 2,Private
test_fe1d5bd5,U+003F 1 1 U+FF2F 2 2,Public
test_fe2b7872,U+003F 1 1 U+FF2F 2 2,Private
test_fe49d4a5,U+003F 1 1 U+FF2F 2 2,Private
test_fee0d9f5,U+003F 1 1 U+FF2F 2 2,Private
test_fee474e7,U+003F 1 1 U+FF2F 2 2,Private
test_ff4cebde,U+003F 1 1 U+FF2F 2 2,Private
test_ff70caf2,U+003F 1 1 U+FF2F 2 2,Private
test_ffb1f141,U+003F 1 1 U+FF2F 2 2,Private
test_fff039a9,U+003F 1 1 U+FF2F 2 2,Public
test_fff8c890,U+003F 1 1 U+FF2F 2 2,Public
